회계연도,지역명,전년당초,당해당초,증가율
2013,강원,3923348357000,4219834004000,7.557
2013,경기,16459873256000,16630920117000,1.0392
2013,경남,6463199819000,6555036293000,1.4209
2013,경북,6587817888000,7068818092000,7.3014
2013,광주,3390869678000,3495638850000,3.0897
2013,대구,5658658372000,6061163228000,7.1131
2013,대전,3472537513000,3706749120000,6.7447
2013,부산,8767692765000,8845982007000,0.8929
2013,서울,24343667131000,24636431859000,1.2026
2013,울산,2673772410000,2759707672000,3.214
2013,인천,7998358333000,7262039680000,-9.2059
2013,전남,5664760056000,6100125250000,7.6855
2013,전북,4590444009000,4947312104000,7.7742
2013,제주,3390632441000,3697610428000,9.0537
2013,충남,4915500000000,4873539000000,-0.8536
2013,충북,3308567275000,3457781694000,4.5099
2014,강원,4219834004000,4534614247000,7.4595
2014,경기,16630920117000,16958522169000,1.9698
2014,경남,6555036293000,6877120300000,4.9135
2014,경북,7068818092000,7511928970000,6.2685
2014,광주,3495638850000,3682510436000,5.3458
2014,대구,6061163228000,6173154962000,1.8477
2014,대전,3706749120000,3743905317000,1.0024
2014,부산,8845982007000,8951204026000,1.1895
2014,서울,24636431859000,25517088597000,3.5746
2014,세종,617834632000,790016057000,27.8685
2014,울산,2759707672000,2939311217000,6.5081
2014,인천,7262039680000,8173812626000,12.5553
2014,전남,6100125250000,6130308107000,0.4948
2014,전북,4947312104000,5134323385000,3.7801
2014,제주,3697610428000,3954027432000,6.9347
2014,충남,4873539000000,5081737000000,4.272
2014,충북,3457781694000,3691105367000,6.7478
2015,강원,4534614247000,5146235899000,13.4878
2015,경기,16958522169000,19271679079000,13.6401
2015,경남,6877120300000,7287256659000,5.9638
2015,경북,7511928970000,7860065765000,4.6345
2015,광주,3682510436000,3933062429000,6.8038
2015,대구,6173154962000,6400498917000,3.6828
2015,대전,3743905317000,4108244837000,9.7315
2015,부산,8951204026000,10020444490000,11.9452
2015,서울,25517088597000,26657217692000,4.4681
2015,세종,790016057000,967609435000,22.4797
2015,울산,2939311217000,3090833905000,5.155
2015,인천,8173812626000,8051910458000,-1.4914
2015,전남,6130308107000,6671297574000,8.8248
2015,전북,5134323385000,5463648994000,6.4142
2015,제주,3954027432000,4283145082000,8.3236
2015,충남,5081737000000,5228921000000,2.8963
2015,충북,3691105367000,3888909977000,5.359
2016,강원,5146235899000,5633549162000,9.4693
2016,경기,19271679079000,20818802530000,8.028
2016,경남,7287256659000,7542890476000,3.508
2016,경북,7860065765000,8529707555000,8.5195
2016,광주,3933062429000,4163972594000,5.871
2016,대구,6400498917000,7222588409000,12.8441
2016,대전,4108244837000,4312802052000,4.9792
2016,부산,10020444490000,11147652001000,11.2491
2016,서울,26657217692000,29272794246000,9.8119
2016,세종,967609435000,1194522501000,23.4509
2016,울산,3090833905000,3397293393000,9.9151
2016,인천,8051910458000,8531672102000,5.9584
2016,전남,6671297574000,6884895796000,3.2017
2016,전북,5463648994000,5636159792000,3.1574
2016,제주,4283145082000,4606950463000,7.56
2016,충남,5228921000000,6001369500000,14.7726
2016,충북,3888909977000,4190339640000,7.751
2017,강원,5633549162000,5871774807000,4.2287
2017,경기,20818802530000,24112525180000,15.8209
2017,경남,7542890476000,7726974504000,2.4405
2017,경북,8529707555000,8563033232000,0.3907
2017,광주,4163972594000,4314108458000,3.6056
2017,대구,7222588409000,7548357538000,4.5104
2017,대전,4312802052000,4542052884000,5.3156
2017,부산,11147652001000,11292657601000,1.3008
2017,서울,29272794246000,32015393602000,9.3691
2017,세종,1194522501000,1412782992000,18.2718
2017,울산,3397293393000,3707655279000,9.1356
2017,인천,8531672102000,8945189924000,4.8469
2017,전남,6884895796000,7429336674000,7.9078
2017,전북,5636159792000,5823611671000,3.3259
2017,제주,4606950463000,5104290043000,10.7954
2017,충남,6001369500000,6241561400000,4.0023
2017,충북,4190339640000,4323585821000,3.1798
2018,강원,5871774807000,6105353758000,3.978
2018,경기,24112525180000,26804640261000,11.1648
2018,경남,7726974504000,7961115937000,3.0302
2018,경북,8563033232000,8988625470000,4.9701
2018,광주,4314108458000,4831332449000,11.9891
2018,대구,7548357538000,8225054197000,8.9648
2018,대전,4542052884000,5245889339000,15.496
2018,부산,11292657601000,11999130268000,6.256
2018,서울,32015393602000,33867016155000,5.7835
2018,세종,1412782992000,1723055251000,21.9618
2018,울산,3707655279000,3917128549000,5.6498
2018,인천,8945189924000,9538301886000,6.6305
2018,전남,7429336674000,7570448795000,1.8994
2018,전북,5823611671000,6407876434000,10.0327
2018,제주,5104290043000,5776143019000,13.1625
2018,충남,6241561400000,6647717000000,6.5073
2018,충북,4323585821000,4653600491000,7.6329
2019,강원,6105353758000,6724093516000,10.1344
2019,경기,26804640261000,29466252442000,9.9297
2019,경남,7961115937000,8735864793000,9.7317
2019,경북,8988625470000,9882832647000,9.9482
2019,광주,4831332449000,5435381444000,12.5027
2019,대구,8225054197000,8822143600000,7.2594
2019,대전,5245889339000,5752981715000,9.6665
2019,부산,11999130268000,12901267298000,7.5184
2019,서울,33867016155000,38781400115000,14.5108
2019,세종,1723055251000,1726445940000,0.1968
2019,울산,3917128549000,4100049021000,4.6698
2019,인천,9538301886000,10768928815000,12.9019
2019,전남,7570448795000,8423825265000,11.2725
2019,전북,6407876434000,7053029207000,10.0681
2019,제주,5776143019000,6032330256000,4.4353
2019,충남,6647717000000,7264644000000,9.2803
2019,충북,4653600491000,5147136746000,10.6055
2020,강원,6724093516000,7443524404000,10.6993
2020,경기,29466252442000,31737661131000,7.7085
2020,경남,8735864793000,9999440102000,14.4642
2020,경북,9882832647000,10893557000000,10.2271
2020,광주,5435381444000,6140721042000,12.9768
2020,대구,8822143600000,10920689661000,23.7873
2020,대전,5752981715000,6782711840000,17.8991
2020,부산,12901267298000,13780451724000,6.8147
2020,서울,38781400115000,41984488460000,8.2593
2020,세종,1726445940000,1760324553000,1.9623
2020,울산,4100049021000,4401890979000,7.3619
2020,인천,10768928815000,11920554441000,10.694
2020,전남,8423825265000,9305125931000,10.462
2020,전북,7053029207000,7826158913000,10.9617
2020,제주,6032330256000,6758074945000,12.0309
2020,충남,7264644000000,7783569000000,7.1432
2020,충북,5147136746000,5740886601000,11.5355
2021,강원,7443524404000,7970144688000,7.0749
2021,경기,31737661131000,32625652195000,2.7979
2021,경남,9999440102000,11204033618000,12.0466
2021,경북,10893557000000,11770805307000,8.0529
2021,광주,6140721042000,6738387521000,9.7328
2021,대구,10920689661000,10308622124000,-5.6047
2021,대전,6782711840000,6620095602000,-2.3975
2021,부산,13780451724000,14511899442000,5.3079
2021,서울,41984488460000,41999130244000,0.0349
2021,세종,1760324553000,2116899111000,20.2562
2021,울산,4401890979000,4593786048000,4.3594
2021,인천,11920554441000,12950012640000,8.636
2021,전남,9305125931000,10221324791000,9.8462
2021,전북,7826158913000,8772482523000,12.0918
2021,제주,6758074945000,6499212139000,-3.8304
2021,충남,7783569000000,8711295000000,11.919
2021,충북,5740886601000,6653569515000,15.8979
2022,강원,7970144688000,8348261917000,4.7442
2022,경기,32625652195000,39723621157000,21.7558
2022,경남,11204033618000,11844410855000,5.7156
2022,경북,11770805307000,12513454899000,6.3093
2022,광주,6738387521000,7451380916000,10.5811
2022,대구,10308622124000,11110717302000,7.7808
2022,대전,6620095602000,7217447812000,9.0233
2022,부산,14511899442000,15529614860000,7.013
2022,서울,41999130244000,47721110506000,13.624
2022,세종,2116899111000,2321067388000,9.6447
2022,울산,4593786048000,5041609918000,9.7485
2022,인천,12950012640000,14397052515000,11.174
2022,전남,10221324791000,11275009220000,10.3087
2022,전북,8772482523000,9100518130000,3.7394
2022,제주,6499212139000,7092804666000,9.1333
2022,충남,8711295000000,9380086299000,7.6773
2022,충북,6653569515000,7022966510000,5.5519
2023,강원,8348261917000,8676740292000,3.9347
2023,경기,39723621157000,38229645876000,-3.7609
2023,경남,11844410855000,12742649623000,7.5837
2023,경북,12513454899000,13372746411000,6.8669
2023,광주,7451380916000,7467959832000,0.2225
2023,대구,11110717302000,11649756416000,4.8515
2023,대전,7217447812000,7540100248000,4.4705
2023,부산,15529614860000,16690868257000,7.4777
2023,서울,47721110506000,52387838215000,9.7792
2023,세종,2321067388000,2503293576000,7.851
2023,울산,5041609918000,5194230336000,3.0272
2023,인천,14397052515000,15379013711000,6.8206
2023,전남,11275009220000,11809873234000,4.7438
2023,전북,9100518130000,9861808073000,8.3653
2023,제주,7092804666000,8070231073000,13.7805
2023,충남,9380086299000,9890664709000,5.4432
2023,충북,7022966510000,7774159302000,10.6962
2024,강원,8676740292000,8659092237000,-0.2034
2024,경기,38229645876000,40392565019000,5.6577
2024,경남,12742649623000,12619394334000,-0.9673
2024,경북,13372746411000,13716511834000,2.5706
2024,광주,7467959832000,7319929890000,-1.9822
2024,대구,11649756416000,11345683502000,-2.6101
2024,대전,7540100248000,7473315038000,-0.8857
2024,부산,16690868257000,17143080729000,2.7093
2024,서울,52387838215000,50524459781000,-3.5569
2024,세종,2503293576000,2163037863000,-13.5923
2024,울산,5194230336000,5404273282000,4.0438
2024,인천,15379013711000,16485879506000,7.1972
2024,전남,11809873234000,12246177945000,3.6944
2024,전북,9861808073000,9990801613000,1.308
2024,제주,8070231073000,8573698842000,6.2386
2024,충남,9890664709000,10810889000000,9.304
2024,충북,7774159302000,8018462382000,3.1425
