회계연도,지역명,자치단체명,자치단체코드,본청여부,통합재정수지비율
2016,서울,서울본청,1100000,Y,1.43
2016,서울,서울종로구,1111000,N,6.09
2016,서울,서울중구,1112000,N,7.17
2016,서울,서울용산구,1113000,N,4.9
2016,서울,서울성동구,1114000,N,11.22
2016,서울,서울광진구,1115000,N,8.71
2016,서울,서울동대문구,1116000,N,6.93
2016,서울,서울중랑구,1117000,N,6.69
2016,서울,서울성북구,1118000,N,7.06
2016,서울,서울강북구,1119000,N,7.41
2016,서울,서울도봉구,1120000,N,8.44
2016,서울,서울노원구,1121000,N,6.6
2016,서울,서울은평구,1122000,N,10.35
2016,서울,서울서대문구,1123000,N,12.02
2016,서울,서울마포구,1124000,N,5.64
2016,서울,서울양천구,1125000,N,10.69
2016,서울,서울강서구,1126000,N,7.5
2016,서울,서울구로구,1127000,N,7.43
2016,서울,서울금천구,1128000,N,5.46
2016,서울,서울영등포구,1129000,N,7.68
2016,서울,서울동작구,1130000,N,10.31
2016,서울,서울관악구,1131000,N,6.79
2016,서울,서울서초구,1132000,N,10.17
2016,서울,서울강남구,1133000,N,14.91
2016,서울,서울송파구,1134000,N,6.17
2016,서울,서울강동구,1135000,N,6.83
2016,부산,부산본청,2600000,Y,-0.94
2016,부산,부산중구,2611000,N,9.98
2016,부산,부산서구,2612000,N,5.95
2016,부산,부산동구,2613000,N,0.3
2016,부산,부산영도구,2614000,N,7.59
2016,부산,부산부산진구,2615000,N,3.33
2016,부산,부산동래구,2616000,N,7.53
2016,부산,부산남구,2617000,N,8.07
2016,부산,부산북구,2618000,N,6.99
2016,부산,부산해운대구,2619000,N,7.14
2016,부산,부산사하구,2620000,N,4.45
2016,부산,부산금정구,2621000,N,6.33
2016,부산,부산강서구,2622000,N,2.56
2016,부산,부산연제구,2623000,N,9.17
2016,부산,부산수영구,2624000,N,10.37
2016,부산,부산사상구,2625000,N,0.37
2016,부산,부산기장군,2671000,N,1.01
2016,대구,대구본청,2700000,Y,1.63
2016,대구,대구중구,2711000,N,17.49
2016,대구,대구동구,2712000,N,7.78
2016,대구,대구서구,2713000,N,13.96
2016,대구,대구남구,2714000,N,10.71
2016,대구,대구북구,2715000,N,4.81
2016,대구,대구수성구,2716000,N,6.89
2016,대구,대구달서구,2717000,N,4.85
2016,대구,대구달성군,2771000,N,6.88
2016,인천,인천본청,2800000,Y,13.2
2016,인천,인천중구,2811000,N,3.39
2016,인천,인천동구,2812000,N,15.83
2016,인천,인천남구,2813000,N,8.27
2016,인천,인천연수구,2814000,N,15.97
2016,인천,인천남동구,2815000,N,7.4
2016,인천,인천부평구,2816000,N,9.87
2016,인천,인천계양구,2817000,N,16.44
2016,인천,인천서구,2818000,N,7.09
2016,인천,인천강화군,2871000,N,7.78
2016,인천,인천옹진군,2872000,N,4.15
2016,광주,광주본청,2900000,Y,2.09
2016,광주,광주동구,2911000,N,6.96
2016,광주,광주서구,2912000,N,6.06
2016,광주,광주남구,2913000,N,3.12
2016,광주,광주북구,2914000,N,3.08
2016,광주,광주광산구,2915000,N,1.82
2016,대전,대전본청,3000000,Y,4.25
2016,대전,대전동구,3011000,N,2.4
2016,대전,대전중구,3012000,N,0.07
2016,대전,대전서구,3013000,N,4.66
2016,대전,대전유성구,3014000,N,-2.07
2016,대전,대전대덕구,3015000,N,4.96
2016,울산,울산본청,3100000,Y,1.21
2016,울산,울산중구,3111000,N,7.87
2016,울산,울산남구,3112000,N,3.36
2016,울산,울산동구,3113000,N,2.51
2016,울산,울산북구,3114000,N,18.34
2016,울산,울산울주군,3171000,N,13.01
2016,세종,세종본청,3200000,Y,1.3
2016,경기,경기본청,4100000,Y,15.96
2016,경기,경기수원시,4111000,N,-0.51
2016,경기,경기성남시,4112000,N,12.04
2016,경기,경기의정부시,4113000,N,-15.54
2016,경기,경기안양시,4114000,N,0.56
2016,경기,경기부천시,4115000,N,2.13
2016,경기,경기광명시,4116000,N,5.51
2016,경기,경기평택시,4117000,N,11.53
2016,경기,경기동두천시,4118000,N,24.34
2016,경기,경기안산시,4119000,N,38.64
2016,경기,경기고양시,4120000,N,9.28
2016,경기,경기과천시,4121000,N,9.15
2016,경기,경기구리시,4122000,N,6.21
2016,경기,경기남양주시,4123000,N,6.56
2016,경기,경기오산시,4124000,N,8.82
2016,경기,경기시흥시,4125000,N,20.16
2016,경기,경기군포시,4126000,N,11.7
2016,경기,경기의왕시,4127000,N,1.38
2016,경기,경기하남시,4128000,N,12.46
2016,경기,경기용인시,4129000,N,-0.82
2016,경기,경기파주시,4130000,N,6.12
2016,경기,경기이천시,4131000,N,23.38
2016,경기,경기안성시,4132000,N,20.43
2016,경기,경기김포시,4133000,N,11.9
2016,경기,경기화성시,4134000,N,8.43
2016,경기,경기광주시,4135000,N,21.96
2016,경기,경기양주시,4136000,N,-0.37
2016,경기,경기포천시,4137000,N,9.08
2016,경기,경기여주시,4138000,N,-0.16
2016,경기,경기연천군,4175000,N,3.04
2016,경기,경기가평군,4177000,N,8.52
2016,경기,경기양평군,4178000,N,3.25
2016,강원,강원본청,4200000,Y,2.22
2016,강원,강원춘천시,4211000,N,0.39
2016,강원,강원원주시,4212000,N,14.23
2016,강원,강원강릉시,4213000,N,-1.63
2016,강원,강원동해시,4214000,N,4.11
2016,강원,강원태백시,4215000,N,20.72
2016,강원,강원속초시,4216000,N,6.4
2016,강원,강원삼척시,4217000,N,-0.41
2016,강원,강원홍천군,4271000,N,-2.6
2016,강원,강원횡성군,4272000,N,1.35
2016,강원,강원영월군,4273000,N,2.17
2016,강원,강원평창군,4274000,N,4.9
2016,강원,강원정선군,4275000,N,5.97
2016,강원,강원철원군,4276000,N,8.39
2016,강원,강원화천군,4277000,N,1.54
2016,강원,강원양구군,4278000,N,7.04
2016,강원,강원인제군,4279000,N,5.3
2016,강원,강원고성군,4280000,N,11.85
2016,강원,강원양양군,4281000,N,15.04
2016,충북,충북본청,4300000,Y,0.28
2016,충북,충북충주시,4312000,N,8.11
2016,충북,충북제천시,4313000,N,8.16
2016,충북,충북청주시,4314000,N,4.32
2016,충북,충북보은군,4372000,N,6.23
2016,충북,충북옥천군,4373000,N,-4.59
2016,충북,충북영동군,4374000,N,0.8
2016,충북,충북진천군,4375000,N,10.3
2016,충북,충북괴산군,4376000,N,6.58
2016,충북,충북음성군,4377000,N,6.12
2016,충북,충북단양군,4378000,N,6.99
2016,충북,충북증평군,4379000,N,-0.14
2016,충남,충남본청,4400000,Y,3.11
2016,충남,충남천안시,4411000,N,14.91
2016,충남,충남공주시,4412000,N,5.96
2016,충남,충남보령시,4413000,N,9.09
2016,충남,충남아산시,4414000,N,-1.97
2016,충남,충남서산시,4415000,N,6.51
2016,충남,충남논산시,4416000,N,12.47
2016,충남,충남계룡시,4417000,N,-3.33
2016,충남,충남당진시,4418000,N,8.68
2016,충남,충남금산군,4471000,N,4.44
2016,충남,충남부여군,4473000,N,15.34
2016,충남,충남서천군,4474000,N,4.99
2016,충남,충남청양군,4475000,N,0.75
2016,충남,충남홍성군,4476000,N,0.04
2016,충남,충남예산군,4477000,N,8.26
2016,충남,충남태안군,4478000,N,8.05
2016,전북,전북본청,4500000,Y,0.97
2016,전북,전북전주시,4511000,N,11.16
2016,전북,전북군산시,4512000,N,4.42
2016,전북,전북익산시,4513000,N,2.01
2016,전북,전북정읍시,4514000,N,10.18
2016,전북,전북남원시,4515000,N,4.6
2016,전북,전북김제시,4516000,N,2.65
2016,전북,전북완주군,4571000,N,-6.07
2016,전북,전북진안군,4572000,N,-0.79
2016,전북,전북무주군,4573000,N,7.71
2016,전북,전북장수군,4574000,N,3.85
2016,전북,전북임실군,4575000,N,-4.76
2016,전북,전북순창군,4576000,N,-0.52
2016,전북,전북고창군,4577000,N,2.47
2016,전북,전북부안군,4578000,N,-2.35
2016,전남,전남본청,4600000,Y,-2.95
2016,전남,전남목포시,4611000,N,5.36
2016,전남,전남여수시,4612000,N,12.42
2016,전남,전남순천시,4613000,N,2.65
2016,전남,전남나주시,4614000,N,7.87
2016,전남,전남광양시,4615000,N,-0.07
2016,전남,전남담양군,4671000,N,19.14
2016,전남,전남곡성군,4672000,N,12.69
2016,전남,전남구례군,4673000,N,2.54
2016,전남,전남고흥군,4674000,N,8.07
2016,전남,전남보성군,4675000,N,7.61
2016,전남,전남화순군,4676000,N,7.97
2016,전남,전남장흥군,4677000,N,-2.44
2016,전남,전남강진군,4678000,N,8.91
2016,전남,전남해남군,4679000,N,8.81
2016,전남,전남영암군,4680000,N,8.18
2016,전남,전남무안군,4681000,N,9.6
2016,전남,전남함평군,4682000,N,2.35
2016,전남,전남영광군,4683000,N,5.53
2016,전남,전남장성군,4684000,N,-0.01
2016,전남,전남완도군,4685000,N,0.28
2016,전남,전남진도군,4686000,N,16.22
2016,전남,전남신안군,4687000,N,4.23
2016,경북,경북본청,4700000,Y,-2.82
2016,경북,경북포항시,4711000,N,7.12
2016,경북,경북경주시,4712000,N,11.17
2016,경북,경북김천시,4713000,N,10.88
2016,경북,경북안동시,4714000,N,2.55
2016,경북,경북구미시,4715000,N,6.09
2016,경북,경북영주시,4716000,N,5.34
2016,경북,경북영천시,4717000,N,-0.2
2016,경북,경북상주시,4718000,N,15.32
2016,경북,경북문경시,4719000,N,4.26
2016,경북,경북경산시,4720000,N,4.05
2016,경북,경북군위군,4771000,N,-6.1
2016,경북,경북의성군,4772000,N,-2.25
2016,경북,경북청송군,4773000,N,4.78
2016,경북,경북영양군,4774000,N,6.15
2016,경북,경북영덕군,4775000,N,3.25
2016,경북,경북청도군,4776000,N,-2.72
2016,경북,경북고령군,4777000,N,4.14
2016,경북,경북성주군,4778000,N,10.36
2016,경북,경북칠곡군,4779000,N,4.21
2016,경북,경북예천군,4780000,N,10.21
2016,경북,경북봉화군,4781000,N,4.15
2016,경북,경북울진군,4782000,N,16.44
2016,경북,경북울릉군,4783000,N,-5.06
2016,경남,경남본청,4800000,Y,0.62
2016,경남,경남창원시,4811000,N,9.66
2016,경남,경남진주시,4813000,N,21.43
2016,경남,경남통영시,4815000,N,7.44
2016,경남,경남사천시,4816000,N,13.47
2016,경남,경남김해시,4817000,N,7.24
2016,경남,경남밀양시,4818000,N,9.62
2016,경남,경남거제시,4819000,N,2.49
2016,경남,경남양산시,4820000,N,10.46
2016,경남,경남의령군,4871000,N,13.52
2016,경남,경남함안군,4872000,N,3.18
2016,경남,경남창녕군,4873000,N,4.15
2016,경남,경남고성군,4874000,N,6.43
2016,경남,경남남해군,4875000,N,10.07
2016,경남,경남하동군,4876000,N,7.05
2016,경남,경남산청군,4877000,N,12.94
2016,경남,경남함양군,4878000,N,5.99
2016,경남,경남거창군,4879000,N,9.08
2016,경남,경남합천군,4880000,N,6.62
2016,제주,제주본청,4900000,Y,10.17
2017,서울,서울본청,1100000,Y,0.72
2017,서울,서울종로구,1111000,N,13.03
2017,서울,서울중구,1112000,N,6.04
2017,서울,서울용산구,1113000,N,3.11
2017,서울,서울성동구,1114000,N,1.9
2017,서울,서울광진구,1115000,N,8.6
2017,서울,서울동대문구,1116000,N,5.79
2017,서울,서울중랑구,1117000,N,9.61
2017,서울,서울성북구,1118000,N,6.34
2017,서울,서울강북구,1119000,N,5.93
2017,서울,서울도봉구,1120000,N,4.57
2017,서울,서울노원구,1121000,N,4.3
2017,서울,서울은평구,1122000,N,7.98
2017,서울,서울서대문구,1123000,N,8.19
2017,서울,서울마포구,1124000,N,3.48
2017,서울,서울양천구,1125000,N,6.93
2017,서울,서울강서구,1126000,N,10.32
2017,서울,서울구로구,1127000,N,7.82
2017,서울,서울금천구,1128000,N,9.6
2017,서울,서울영등포구,1129000,N,6.32
2017,서울,서울동작구,1130000,N,2.59
2017,서울,서울관악구,1131000,N,5.22
2017,서울,서울서초구,1132000,N,-1.64
2017,서울,서울강남구,1133000,N,12.52
2017,서울,서울송파구,1134000,N,5.78
2017,서울,서울강동구,1135000,N,6.75
2017,부산,부산본청,2600000,Y,0.96
2017,부산,부산중구,2611000,N,4.85
2017,부산,부산서구,2612000,N,8.32
2017,부산,부산동구,2613000,N,1.7
2017,부산,부산영도구,2614000,N,4.87
2017,부산,부산부산진구,2615000,N,0.25
2017,부산,부산동래구,2616000,N,6.88
2017,부산,부산남구,2617000,N,3.78
2017,부산,부산북구,2618000,N,1.84
2017,부산,부산해운대구,2619000,N,-1.33
2017,부산,부산사하구,2620000,N,4.95
2017,부산,부산금정구,2621000,N,5.09
2017,부산,부산강서구,2622000,N,1.36
2017,부산,부산연제구,2623000,N,4.68
2017,부산,부산수영구,2624000,N,4.29
2017,부산,부산사상구,2625000,N,5.67
2017,부산,부산기장군,2671000,N,4.75
2017,대구,대구본청,2700000,Y,4.39
2017,대구,대구중구,2711000,N,-2.71
2017,대구,대구동구,2712000,N,1.4
2017,대구,대구서구,2713000,N,1.05
2017,대구,대구남구,2714000,N,-4.86
2017,대구,대구북구,2715000,N,2.7
2017,대구,대구수성구,2716000,N,6.93
2017,대구,대구달서구,2717000,N,0.09
2017,대구,대구달성군,2771000,N,6.89
2017,인천,인천본청,2800000,Y,14.21
2017,인천,인천중구,2811000,N,5.82
2017,인천,인천동구,2812000,N,17.74
2017,인천,인천남구,2813000,N,2.79
2017,인천,인천연수구,2814000,N,1.39
2017,인천,인천남동구,2815000,N,4.14
2017,인천,인천부평구,2816000,N,3.4
2017,인천,인천계양구,2817000,N,3.94
2017,인천,인천서구,2818000,N,6.86
2017,인천,인천강화군,2871000,N,6.38
2017,인천,인천옹진군,2872000,N,0.37
2017,광주,광주본청,2900000,Y,2.16
2017,광주,광주동구,2911000,N,13.22
2017,광주,광주서구,2912000,N,4.21
2017,광주,광주남구,2913000,N,4.16
2017,광주,광주북구,2914000,N,2.61
2017,광주,광주광산구,2915000,N,5.85
2017,대전,대전본청,3000000,Y,-0.77
2017,대전,대전동구,3011000,N,1.78
2017,대전,대전중구,3012000,N,4.96
2017,대전,대전서구,3013000,N,4
2017,대전,대전유성구,3014000,N,6.83
2017,대전,대전대덕구,3015000,N,6.79
2017,울산,울산본청,3100000,Y,-2.53
2017,울산,울산중구,3111000,N,0.1
2017,울산,울산남구,3112000,N,2.01
2017,울산,울산동구,3113000,N,3.34
2017,울산,울산북구,3114000,N,-3.17
2017,울산,울산울주군,3171000,N,-3.45
2017,세종,세종본청,3200000,Y,5.29
2017,경기,경기본청,4100000,Y,5.07
2017,경기,경기수원시,4111000,N,11.19
2017,경기,경기성남시,4112000,N,9.08
2017,경기,경기의정부시,4113000,N,3.03
2017,경기,경기안양시,4114000,N,12.26
2017,경기,경기부천시,4115000,N,8.12
2017,경기,경기광명시,4116000,N,3.8
2017,경기,경기평택시,4117000,N,6.8
2017,경기,경기동두천시,4118000,N,21.36
2017,경기,경기안산시,4119000,N,18.41
2017,경기,경기고양시,4120000,N,8
2017,경기,경기과천시,4121000,N,38.58
2017,경기,경기구리시,4122000,N,10.32
2017,경기,경기남양주시,4123000,N,5
2017,경기,경기오산시,4124000,N,32.49
2017,경기,경기시흥시,4125000,N,8.28
2017,경기,경기군포시,4126000,N,7.71
2017,경기,경기의왕시,4127000,N,4.4
2017,경기,경기하남시,4128000,N,9.49
2017,경기,경기용인시,4129000,N,7.71
2017,경기,경기파주시,4130000,N,16.16
2017,경기,경기이천시,4131000,N,6.91
2017,경기,경기안성시,4132000,N,5.82
2017,경기,경기김포시,4133000,N,16.95
2017,경기,경기화성시,4134000,N,4.64
2017,경기,경기광주시,4135000,N,0.49
2017,경기,경기양주시,4136000,N,-0.86
2017,경기,경기포천시,4137000,N,20.73
2017,경기,경기여주시,4138000,N,14.22
2017,경기,경기연천군,4175000,N,7.13
2017,경기,경기가평군,4177000,N,4.41
2017,경기,경기양평군,4178000,N,4.82
2017,강원,강원본청,4200000,Y,11.64
2017,강원,강원춘천시,4211000,N,8.1
2017,강원,강원원주시,4212000,N,5.63
2017,강원,강원강릉시,4213000,N,4.02
2017,강원,강원동해시,4214000,N,8.6
2017,강원,강원태백시,4215000,N,7.94
2017,강원,강원속초시,4216000,N,8.41
2017,강원,강원삼척시,4217000,N,6.15
2017,강원,강원홍천군,4271000,N,8.51
2017,강원,강원횡성군,4272000,N,10.14
2017,강원,강원영월군,4273000,N,25.59
2017,강원,강원평창군,4274000,N,1.46
2017,강원,강원정선군,4275000,N,10.73
2017,강원,강원철원군,4276000,N,7.61
2017,강원,강원화천군,4277000,N,10.95
2017,강원,강원양구군,4278000,N,2.76
2017,강원,강원인제군,4279000,N,15.32
2017,강원,강원고성군,4280000,N,2.55
2017,강원,강원양양군,4281000,N,23.49
2017,충북,충북본청,4300000,Y,1.35
2017,충북,충북충주시,4312000,N,9.42
2017,충북,충북제천시,4313000,N,6.15
2017,충북,충북청주시,4314000,N,3.11
2017,충북,충북보은군,4372000,N,10.68
2017,충북,충북옥천군,4373000,N,7.77
2017,충북,충북영동군,4374000,N,2.17
2017,충북,충북진천군,4375000,N,20.58
2017,충북,충북괴산군,4376000,N,24.74
2017,충북,충북음성군,4377000,N,4.83
2017,충북,충북단양군,4378000,N,8.97
2017,충북,충북증평군,4379000,N,11.74
2017,충남,충남본청,4400000,Y,13.3
2017,충남,충남천안시,4411000,N,12.14
2017,충남,충남공주시,4412000,N,11.45
2017,충남,충남보령시,4413000,N,8.43
2017,충남,충남아산시,4414000,N,5.79
2017,충남,충남서산시,4415000,N,13.63
2017,충남,충남논산시,4416000,N,7.57
2017,충남,충남계룡시,4417000,N,14.98
2017,충남,충남당진시,4418000,N,-0.19
2017,충남,충남금산군,4471000,N,7.07
2017,충남,충남부여군,4473000,N,16.52
2017,충남,충남서천군,4474000,N,5.91
2017,충남,충남청양군,4475000,N,9.19
2017,충남,충남홍성군,4476000,N,6.67
2017,충남,충남예산군,4477000,N,-0.16
2017,충남,충남태안군,4478000,N,-1.56
2017,전북,전북본청,4500000,Y,3.33
2017,전북,전북전주시,4511000,N,13.22
2017,전북,전북군산시,4512000,N,5.08
2017,전북,전북익산시,4513000,N,10.39
2017,전북,전북정읍시,4514000,N,9.47
2017,전북,전북남원시,4515000,N,8.59
2017,전북,전북김제시,4516000,N,0.95
2017,전북,전북완주군,4571000,N,-1.8
2017,전북,전북진안군,4572000,N,6.43
2017,전북,전북무주군,4573000,N,3.14
2017,전북,전북장수군,4574000,N,3.12
2017,전북,전북임실군,4575000,N,5.44
2017,전북,전북순창군,4576000,N,6.5
2017,전북,전북고창군,4577000,N,3.32
2017,전북,전북부안군,4578000,N,3.53
2017,전남,전남본청,4600000,Y,-2.53
2017,전남,전남목포시,4611000,N,1.49
2017,전남,전남여수시,4612000,N,7.55
2017,전남,전남순천시,4613000,N,7.66
2017,전남,전남나주시,4614000,N,0.79
2017,전남,전남광양시,4615000,N,9.07
2017,전남,전남담양군,4671000,N,12.3
2017,전남,전남곡성군,4672000,N,9.65
2017,전남,전남구례군,4673000,N,12.2
2017,전남,전남고흥군,4674000,N,5.72
2017,전남,전남보성군,4675000,N,7.75
2017,전남,전남화순군,4676000,N,10.07
2017,전남,전남장흥군,4677000,N,12.33
2017,전남,전남강진군,4678000,N,11.9
2017,전남,전남해남군,4679000,N,15.61
2017,전남,전남영암군,4680000,N,5.95
2017,전남,전남무안군,4681000,N,15.38
2017,전남,전남함평군,4682000,N,3.7
2017,전남,전남영광군,4683000,N,5.8
2017,전남,전남장성군,4684000,N,9.58
2017,전남,전남완도군,4685000,N,6.03
2017,전남,전남진도군,4686000,N,8.61
2017,전남,전남신안군,4687000,N,4.89
2017,경북,경북본청,4700000,Y,-1.03
2017,경북,경북포항시,4711000,N,5.08
2017,경북,경북경주시,4712000,N,4.66
2017,경북,경북김천시,4713000,N,7.04
2017,경북,경북안동시,4714000,N,9.52
2017,경북,경북구미시,4715000,N,-6.65
2017,경북,경북영주시,4716000,N,7.05
2017,경북,경북영천시,4717000,N,3.54
2017,경북,경북상주시,4718000,N,16.99
2017,경북,경북문경시,4719000,N,18.25
2017,경북,경북경산시,4720000,N,-0.19
2017,경북,경북군위군,4771000,N,23.33
2017,경북,경북의성군,4772000,N,4.84
2017,경북,경북청송군,4773000,N,10.21
2017,경북,경북영양군,4774000,N,7.46
2017,경북,경북영덕군,4775000,N,6.33
2017,경북,경북청도군,4776000,N,4.34
2017,경북,경북고령군,4777000,N,0.15
2017,경북,경북성주군,4778000,N,15.66
2017,경북,경북칠곡군,4779000,N,-0.75
2017,경북,경북예천군,4780000,N,3.35
2017,경북,경북봉화군,4781000,N,9.28
2017,경북,경북울진군,4782000,N,-4.21
2017,경북,경북울릉군,4783000,N,5.5
2017,경남,경남본청,4800000,Y,-3.59
2017,경남,경남창원시,4811000,N,1.18
2017,경남,경남진주시,4813000,N,25.07
2017,경남,경남통영시,4815000,N,-1.5
2017,경남,경남사천시,4816000,N,10.32
2017,경남,경남김해시,4817000,N,13.88
2017,경남,경남밀양시,4818000,N,10.49
2017,경남,경남거제시,4819000,N,0.42
2017,경남,경남양산시,4820000,N,13.49
2017,경남,경남의령군,4871000,N,8.29
2017,경남,경남함안군,4872000,N,8.6
2017,경남,경남창녕군,4873000,N,10.73
2017,경남,경남고성군,4874000,N,11.31
2017,경남,경남남해군,4875000,N,10.49
2017,경남,경남하동군,4876000,N,2.58
2017,경남,경남산청군,4877000,N,5.89
2017,경남,경남함양군,4878000,N,9.07
2017,경남,경남거창군,4879000,N,17.55
2017,경남,경남합천군,4880000,N,4.28
2017,제주,제주본청,4900000,Y,-0.73
2018,서울,서울본청,1100000,Y,0.24
2018,서울,서울종로구,1111000,N,7.18
2018,서울,서울중구,1112000,N,1.4
2018,서울,서울용산구,1113000,N,12
2018,서울,서울성동구,1114000,N,3.58
2018,서울,서울광진구,1115000,N,6.92
2018,서울,서울동대문구,1116000,N,4.28
2018,서울,서울중랑구,1117000,N,4.94
2018,서울,서울성북구,1118000,N,5.22
2018,서울,서울강북구,1119000,N,7.54
2018,서울,서울도봉구,1120000,N,6.69
2018,서울,서울노원구,1121000,N,5.32
2018,서울,서울은평구,1122000,N,6.11
2018,서울,서울서대문구,1123000,N,10.17
2018,서울,서울마포구,1124000,N,4.35
2018,서울,서울양천구,1125000,N,10.31
2018,서울,서울강서구,1126000,N,-0.72
2018,서울,서울구로구,1127000,N,3.87
2018,서울,서울금천구,1128000,N,8.75
2018,서울,서울영등포구,1129000,N,1.3
2018,서울,서울동작구,1130000,N,10.05
2018,서울,서울관악구,1131000,N,2.55
2018,서울,서울서초구,1132000,N,1.26
2018,서울,서울강남구,1133000,N,12.98
2018,서울,서울송파구,1134000,N,5.16
2018,서울,서울강동구,1135000,N,20.41
2018,부산,부산본청,2600000,Y,0.41
2018,부산,부산중구,2611000,N,3.06
2018,부산,부산서구,2612000,N,5.32
2018,부산,부산동구,2613000,N,5.43
2018,부산,부산영도구,2614000,N,9.48
2018,부산,부산부산진구,2615000,N,1.43
2018,부산,부산동래구,2616000,N,6.28
2018,부산,부산남구,2617000,N,1.36
2018,부산,부산북구,2618000,N,4.35
2018,부산,부산해운대구,2619000,N,3.39
2018,부산,부산사하구,2620000,N,0.21
2018,부산,부산금정구,2621000,N,4.62
2018,부산,부산강서구,2622000,N,17.86
2018,부산,부산연제구,2623000,N,3.34
2018,부산,부산수영구,2624000,N,9.26
2018,부산,부산사상구,2625000,N,0.61
2018,부산,부산기장군,2671000,N,5.96
2018,대구,대구본청,2700000,Y,0.42
2018,대구,대구중구,2711000,N,9.24
2018,대구,대구동구,2712000,N,5.06
2018,대구,대구서구,2713000,N,2.76
2018,대구,대구남구,2714000,N,0.86
2018,대구,대구북구,2715000,N,4.88
2018,대구,대구수성구,2716000,N,3.57
2018,대구,대구달서구,2717000,N,0.95
2018,대구,대구달성군,2771000,N,-1.44
2018,인천,인천본청,2800000,Y,5.27
2018,인천,인천중구,2811000,N,-3.33
2018,인천,인천동구,2812000,N,16.37
2018,인천,인천미추홀구,2813000,N,-2.14
2018,인천,인천연수구,2814000,N,1.55
2018,인천,인천남동구,2815000,N,3.56
2018,인천,인천부평구,2816000,N,7.66
2018,인천,인천계양구,2817000,N,0.53
2018,인천,인천서구,2818000,N,6.45
2018,인천,인천강화군,2871000,N,9.28
2018,인천,인천옹진군,2872000,N,1.7
2018,광주,광주본청,2900000,Y,5.52
2018,광주,광주동구,2911000,N,19.59
2018,광주,광주서구,2912000,N,5.64
2018,광주,광주남구,2913000,N,7.16
2018,광주,광주북구,2914000,N,3.89
2018,광주,광주광산구,2915000,N,7.66
2018,대전,대전본청,3000000,Y,3.37
2018,대전,대전동구,3011000,N,2.65
2018,대전,대전중구,3012000,N,1.37
2018,대전,대전서구,3013000,N,3.93
2018,대전,대전유성구,3014000,N,4.06
2018,대전,대전대덕구,3015000,N,4.35
2018,울산,울산본청,3100000,Y,-6.84
2018,울산,울산중구,3111000,N,8.24
2018,울산,울산남구,3112000,N,6.47
2018,울산,울산동구,3113000,N,9.75
2018,울산,울산북구,3114000,N,-4.36
2018,울산,울산울주군,3171000,N,1.4
2018,세종,세종본청,3200000,Y,-4.55
2018,경기,경기본청,4100000,Y,3.22
2018,경기,경기수원시,4111000,N,-0.55
2018,경기,경기성남시,4112000,N,3.56
2018,경기,경기의정부시,4113000,N,7.52
2018,경기,경기안양시,4114000,N,5.54
2018,경기,경기부천시,4115000,N,8.43
2018,경기,경기광명시,4116000,N,5.69
2018,경기,경기평택시,4117000,N,6.43
2018,경기,경기동두천시,4118000,N,3.74
2018,경기,경기안산시,4119000,N,-0.56
2018,경기,경기고양시,4120000,N,4.76
2018,경기,경기과천시,4121000,N,39.74
2018,경기,경기구리시,4122000,N,4.77
2018,경기,경기남양주시,4123000,N,9.68
2018,경기,경기오산시,4124000,N,4.61
2018,경기,경기시흥시,4125000,N,-10.97
2018,경기,경기군포시,4126000,N,-2.42
2018,경기,경기의왕시,4127000,N,1.72
2018,경기,경기하남시,4128000,N,11.2
2018,경기,경기용인시,4129000,N,2.66
2018,경기,경기파주시,4130000,N,25.09
2018,경기,경기이천시,4131000,N,26.57
2018,경기,경기안성시,4132000,N,13.62
2018,경기,경기김포시,4133000,N,10.55
2018,경기,경기화성시,4134000,N,8.48
2018,경기,경기광주시,4135000,N,13.77
2018,경기,경기양주시,4136000,N,2.45
2018,경기,경기포천시,4137000,N,18.38
2018,경기,경기여주시,4138000,N,15.92
2018,경기,경기연천군,4175000,N,25.76
2018,경기,경기가평군,4177000,N,-3.25
2018,경기,경기양평군,4178000,N,3.9
2018,강원,강원본청,4200000,Y,1.42
2018,강원,강원춘천시,4211000,N,14.51
2018,강원,강원원주시,4212000,N,6.43
2018,강원,강원강릉시,4213000,N,17.72
2018,강원,강원동해시,4214000,N,6.67
2018,강원,강원태백시,4215000,N,13.93
2018,강원,강원속초시,4216000,N,4.79
2018,강원,강원삼척시,4217000,N,10.68
2018,강원,강원홍천군,4271000,N,5.52
2018,강원,강원횡성군,4272000,N,6.43
2018,강원,강원영월군,4273000,N,4.53
2018,강원,강원평창군,4274000,N,-3.11
2018,강원,강원정선군,4275000,N,4.3
2018,강원,강원철원군,4276000,N,-0.81
2018,강원,강원화천군,4277000,N,7.24
2018,강원,강원양구군,4278000,N,1.55
2018,강원,강원인제군,4279000,N,15.82
2018,강원,강원고성군,4280000,N,11.71
2018,강원,강원양양군,4281000,N,5.56
2018,충북,충북본청,4300000,Y,2.27
2018,충북,충북충주시,4312000,N,9.92
2018,충북,충북제천시,4313000,N,2.2
2018,충북,충북청주시,4314000,N,3.07
2018,충북,충북보은군,4372000,N,3.21
2018,충북,충북옥천군,4373000,N,11.02
2018,충북,충북영동군,4374000,N,10.58
2018,충북,충북진천군,4375000,N,3.8
2018,충북,충북괴산군,4376000,N,10.86
2018,충북,충북음성군,4377000,N,0.65
2018,충북,충북단양군,4378000,N,4.24
2018,충북,충북증평군,4379000,N,2.05
2018,충남,충남본청,4400000,Y,-0.53
2018,충남,충남천안시,4411000,N,4.89
2018,충남,충남공주시,4412000,N,13.49
2018,충남,충남보령시,4413000,N,4.72
2018,충남,충남아산시,4414000,N,9.3
2018,충남,충남서산시,4415000,N,13.44
2018,충남,충남논산시,4416000,N,11.23
2018,충남,충남계룡시,4417000,N,20.67
2018,충남,충남당진시,4418000,N,1.69
2018,충남,충남금산군,4471000,N,8.35
2018,충남,충남부여군,4473000,N,10.89
2018,충남,충남서천군,4474000,N,0.47
2018,충남,충남청양군,4475000,N,6.69
2018,충남,충남홍성군,4476000,N,4.12
2018,충남,충남예산군,4477000,N,6.79
2018,충남,충남태안군,4478000,N,0.22
2018,전북,전북본청,4500000,Y,2.83
2018,전북,전북전주시,4511000,N,11.77
2018,전북,전북군산시,4512000,N,6.02
2018,전북,전북익산시,4513000,N,4.06
2018,전북,전북정읍시,4514000,N,10.45
2018,전북,전북남원시,4515000,N,5.97
2018,전북,전북김제시,4516000,N,17.91
2018,전북,전북완주군,4571000,N,7.2
2018,전북,전북진안군,4572000,N,6.99
2018,전북,전북무주군,4573000,N,5.65
2018,전북,전북장수군,4574000,N,4.26
2018,전북,전북임실군,4575000,N,5.67
2018,전북,전북순창군,4576000,N,6.29
2018,전북,전북고창군,4577000,N,8.27
2018,전북,전북부안군,4578000,N,7.39
2018,전남,전남본청,4600000,Y,-0.14
2018,전남,전남목포시,4611000,N,4.74
2018,전남,전남여수시,4612000,N,31.17
2018,전남,전남순천시,4613000,N,12.28
2018,전남,전남나주시,4614000,N,1.04
2018,전남,전남광양시,4615000,N,2.8
2018,전남,전남담양군,4671000,N,7.31
2018,전남,전남곡성군,4672000,N,7.83
2018,전남,전남구례군,4673000,N,2.12
2018,전남,전남고흥군,4674000,N,5.58
2018,전남,전남보성군,4675000,N,12.37
2018,전남,전남화순군,4676000,N,7.8
2018,전남,전남장흥군,4677000,N,11.43
2018,전남,전남강진군,4678000,N,3.83
2018,전남,전남해남군,4679000,N,14.32
2018,전남,전남영암군,4680000,N,1.93
2018,전남,전남무안군,4681000,N,16.63
2018,전남,전남함평군,4682000,N,3.71
2018,전남,전남영광군,4683000,N,-3.59
2018,전남,전남장성군,4684000,N,-0.14
2018,전남,전남완도군,4685000,N,5.26
2018,전남,전남진도군,4686000,N,14.29
2018,전남,전남신안군,4687000,N,6.2
2018,경북,경북본청,4700000,Y,-2.73
2018,경북,경북포항시,4711000,N,11.63
2018,경북,경북경주시,4712000,N,1.24
2018,경북,경북김천시,4713000,N,-3.25
2018,경북,경북안동시,4714000,N,4.21
2018,경북,경북구미시,4715000,N,6.06
2018,경북,경북영주시,4716000,N,6.64
2018,경북,경북영천시,4717000,N,11.75
2018,경북,경북상주시,4718000,N,17.2
2018,경북,경북문경시,4719000,N,0.26
2018,경북,경북경산시,4720000,N,2.46
2018,경북,경북군위군,4771000,N,-2.17
2018,경북,경북의성군,4772000,N,4.77
2018,경북,경북청송군,4773000,N,5.15
2018,경북,경북영양군,4774000,N,17.98
2018,경북,경북영덕군,4775000,N,28.92
2018,경북,경북청도군,4776000,N,11.62
2018,경북,경북고령군,4777000,N,-2.12
2018,경북,경북성주군,4778000,N,9.66
2018,경북,경북칠곡군,4779000,N,4.39
2018,경북,경북예천군,4780000,N,-0.56
2018,경북,경북봉화군,4781000,N,6.27
2018,경북,경북울진군,4782000,N,-6.29
2018,경북,경북울릉군,4783000,N,10.05
2018,경남,경남본청,4800000,Y,-4.81
2018,경남,경남창원시,4811000,N,0
2018,경남,경남진주시,4813000,N,23.06
2018,경남,경남통영시,4815000,N,11.94
2018,경남,경남사천시,4816000,N,2.14
2018,경남,경남김해시,4817000,N,3.06
2018,경남,경남밀양시,4818000,N,4.97
2018,경남,경남거제시,4819000,N,1.76
2018,경남,경남양산시,4820000,N,0.81
2018,경남,경남의령군,4871000,N,10.67
2018,경남,경남함안군,4872000,N,11.9
2018,경남,경남창녕군,4873000,N,4.19
2018,경남,경남고성군,4874000,N,11.76
2018,경남,경남남해군,4875000,N,5.77
2018,경남,경남하동군,4876000,N,-8.79
2018,경남,경남산청군,4877000,N,5.23
2018,경남,경남함양군,4878000,N,6.7
2018,경남,경남거창군,4879000,N,14.47
2018,경남,경남합천군,4880000,N,5.81
2018,제주,제주본청,4900000,Y,-3.69
2019,서울,서울본청,1100000,Y,-3.07
2019,서울,서울종로구,1111000,N,5.17
2019,서울,서울중구,1112000,N,5.92
2019,서울,서울용산구,1113000,N,2.12
2019,서울,서울성동구,1114000,N,9.16
2019,서울,서울광진구,1115000,N,5.76
2019,서울,서울동대문구,1116000,N,2.46
2019,서울,서울중랑구,1117000,N,1.52
2019,서울,서울성북구,1118000,N,4.81
2019,서울,서울강북구,1119000,N,6.45
2019,서울,서울도봉구,1120000,N,4.58
2019,서울,서울노원구,1121000,N,2.37
2019,서울,서울은평구,1122000,N,3.67
2019,서울,서울서대문구,1123000,N,2.76
2019,서울,서울마포구,1124000,N,1.97
2019,서울,서울양천구,1125000,N,5.48
2019,서울,서울강서구,1126000,N,4.21
2019,서울,서울구로구,1127000,N,6.18
2019,서울,서울금천구,1128000,N,4.69
2019,서울,서울영등포구,1129000,N,8.13
2019,서울,서울동작구,1130000,N,5.62
2019,서울,서울관악구,1131000,N,6.46
2019,서울,서울서초구,1132000,N,-0.9
2019,서울,서울강남구,1133000,N,6.03
2019,서울,서울송파구,1134000,N,5.99
2019,서울,서울강동구,1135000,N,3.7
2019,부산,부산본청,2600000,Y,0.78
2019,부산,부산중구,2611000,N,10.35
2019,부산,부산서구,2612000,N,3.93
2019,부산,부산동구,2613000,N,6.32
2019,부산,부산영도구,2614000,N,5.86
2019,부산,부산부산진구,2615000,N,6.77
2019,부산,부산동래구,2616000,N,10.6
2019,부산,부산남구,2617000,N,3.28
2019,부산,부산북구,2618000,N,4.96
2019,부산,부산해운대구,2619000,N,3.44
2019,부산,부산사하구,2620000,N,1.64
2019,부산,부산금정구,2621000,N,7.49
2019,부산,부산강서구,2622000,N,-1.76
2019,부산,부산연제구,2623000,N,6.32
2019,부산,부산수영구,2624000,N,3.66
2019,부산,부산사상구,2625000,N,0.36
2019,부산,부산기장군,2671000,N,2.53
2019,대구,대구본청,2700000,Y,2.44
2019,대구,대구중구,2711000,N,11.71
2019,대구,대구동구,2712000,N,6.12
2019,대구,대구서구,2713000,N,8
2019,대구,대구남구,2714000,N,11.65
2019,대구,대구북구,2715000,N,3.34
2019,대구,대구수성구,2716000,N,9.1
2019,대구,대구달서구,2717000,N,3.23
2019,대구,대구달성군,2771000,N,-0.44
2019,인천,인천본청,2800000,Y,3.02
2019,인천,인천중구,2811000,N,11.03
2019,인천,인천동구,2812000,N,13.5
2019,인천,인천미추홀구,2813000,N,1.24
2019,인천,인천연수구,2814000,N,-7.38
2019,인천,인천남동구,2815000,N,-1.13
2019,인천,인천부평구,2816000,N,2.03
2019,인천,인천계양구,2817000,N,1.46
2019,인천,인천서구,2818000,N,1.74
2019,인천,인천강화군,2871000,N,1.7
2019,인천,인천옹진군,2872000,N,16.88
2019,광주,광주본청,2900000,Y,4.18
2019,광주,광주동구,2911000,N,-4.86
2019,광주,광주서구,2912000,N,6.83
2019,광주,광주남구,2913000,N,6.1
2019,광주,광주북구,2914000,N,2.05
2019,광주,광주광산구,2915000,N,8.33
2019,대전,대전본청,3000000,Y,4.12
2019,대전,대전동구,3011000,N,8.34
2019,대전,대전중구,3012000,N,7.26
2019,대전,대전서구,3013000,N,2.47
2019,대전,대전유성구,3014000,N,4.51
2019,대전,대전대덕구,3015000,N,3.77
2019,울산,울산본청,3100000,Y,-0.77
2019,울산,울산중구,3111000,N,-0.65
2019,울산,울산남구,3112000,N,-6.5
2019,울산,울산동구,3113000,N,3.09
2019,울산,울산북구,3114000,N,-1.66
2019,울산,울산울주군,3171000,N,-3.6
2019,세종,세종본청,3200000,Y,-7.54
2019,경기,경기본청,4100000,Y,-1.99
2019,경기,경기수원시,4111000,N,-2.1
2019,경기,경기성남시,4112000,N,-5.62
2019,경기,경기의정부시,4113000,N,8.95
2019,경기,경기안양시,4114000,N,11.54
2019,경기,경기부천시,4115000,N,-1.92
2019,경기,경기광명시,4116000,N,1.65
2019,경기,경기평택시,4117000,N,-0.67
2019,경기,경기동두천시,4118000,N,-3.43
2019,경기,경기안산시,4119000,N,-12.26
2019,경기,경기고양시,4120000,N,8.27
2019,경기,경기과천시,4121000,N,4.61
2019,경기,경기구리시,4122000,N,10.61
2019,경기,경기남양주시,4123000,N,8.26
2019,경기,경기오산시,4124000,N,-9.37
2019,경기,경기시흥시,4125000,N,-7.23
2019,경기,경기군포시,4126000,N,6.77
2019,경기,경기의왕시,4127000,N,7.28
2019,경기,경기하남시,4128000,N,3.03
2019,경기,경기용인시,4129000,N,-0.53
2019,경기,경기파주시,4130000,N,1.49
2019,경기,경기이천시,4131000,N,34.27
2019,경기,경기안성시,4132000,N,16.69
2019,경기,경기김포시,4133000,N,3.53
2019,경기,경기화성시,4134000,N,4.3
2019,경기,경기광주시,4135000,N,9.02
2019,경기,경기양주시,4136000,N,-0.13
2019,경기,경기포천시,4137000,N,15.52
2019,경기,경기여주시,4138000,N,18.58
2019,경기,경기연천군,4175000,N,13.29
2019,경기,경기가평군,4177000,N,8.86
2019,경기,경기양평군,4178000,N,10.18
2019,강원,강원본청,4200000,Y,-4.6
2019,강원,강원춘천시,4211000,N,7.8
2019,강원,강원원주시,4212000,N,0.41
2019,강원,강원강릉시,4213000,N,17.67
2019,강원,강원동해시,4214000,N,12.36
2019,강원,강원태백시,4215000,N,10.86
2019,강원,강원속초시,4216000,N,16.14
2019,강원,강원삼척시,4217000,N,12.27
2019,강원,강원홍천군,4271000,N,10.3
2019,강원,강원횡성군,4272000,N,6.34
2019,강원,강원영월군,4273000,N,2.71
2019,강원,강원평창군,4274000,N,4.09
2019,강원,강원정선군,4275000,N,0.72
2019,강원,강원철원군,4276000,N,4.93
2019,강원,강원화천군,4277000,N,9.22
2019,강원,강원양구군,4278000,N,5.34
2019,강원,강원인제군,4279000,N,3.91
2019,강원,강원고성군,4280000,N,5.94
2019,강원,강원양양군,4281000,N,-0.97
2019,충북,충북본청,4300000,Y,2.26
2019,충북,충북충주시,4312000,N,3.68
2019,충북,충북제천시,4313000,N,13.03
2019,충북,충북청주시,4314000,N,7.51
2019,충북,충북보은군,4372000,N,4.78
2019,충북,충북옥천군,4373000,N,-2.46
2019,충북,충북영동군,4374000,N,3.11
2019,충북,충북진천군,4375000,N,-0.81
2019,충북,충북괴산군,4376000,N,-3.42
2019,충북,충북음성군,4377000,N,-0.65
2019,충북,충북단양군,4378000,N,-2.76
2019,충북,충북증평군,4379000,N,3.15
2019,충남,충남본청,4400000,Y,-3.33
2019,충남,충남천안시,4411000,N,0.38
2019,충남,충남공주시,4412000,N,-5.04
2019,충남,충남보령시,4413000,N,3.85
2019,충남,충남아산시,4414000,N,4.7
2019,충남,충남서산시,4415000,N,-7.1
2019,충남,충남논산시,4416000,N,4.09
2019,충남,충남계룡시,4417000,N,16.74
2019,충남,충남당진시,4418000,N,2.82
2019,충남,충남금산군,4471000,N,12.07
2019,충남,충남부여군,4473000,N,4.88
2019,충남,충남서천군,4474000,N,5.31
2019,충남,충남청양군,4475000,N,9.47
2019,충남,충남홍성군,4476000,N,6.55
2019,충남,충남예산군,4477000,N,-0.7
2019,충남,충남태안군,4478000,N,-2.66
2019,전북,전북본청,4500000,Y,4.29
2019,전북,전북전주시,4511000,N,5.9
2019,전북,전북군산시,4512000,N,9.19
2019,전북,전북익산시,4513000,N,11.64
2019,전북,전북정읍시,4514000,N,10.27
2019,전북,전북남원시,4515000,N,2.86
2019,전북,전북김제시,4516000,N,6.2
2019,전북,전북완주군,4571000,N,10.22
2019,전북,전북진안군,4572000,N,7.91
2019,전북,전북무주군,4573000,N,7.17
2019,전북,전북장수군,4574000,N,6.92
2019,전북,전북임실군,4575000,N,6.52
2019,전북,전북순창군,4576000,N,2.72
2019,전북,전북고창군,4577000,N,6.6
2019,전북,전북부안군,4578000,N,1.83
2019,전남,전남본청,4600000,Y,2.17
2019,전남,전남목포시,4611000,N,0.86
2019,전남,전남여수시,4612000,N,-5.53
2019,전남,전남순천시,4613000,N,1.73
2019,전남,전남나주시,4614000,N,-1.38
2019,전남,전남광양시,4615000,N,8.35
2019,전남,전남담양군,4671000,N,-5.01
2019,전남,전남곡성군,4672000,N,-2.65
2019,전남,전남구례군,4673000,N,7.43
2019,전남,전남고흥군,4674000,N,-1.17
2019,전남,전남보성군,4675000,N,8.01
2019,전남,전남화순군,4676000,N,2.05
2019,전남,전남장흥군,4677000,N,5.89
2019,전남,전남강진군,4678000,N,5.07
2019,전남,전남해남군,4679000,N,10.28
2019,전남,전남영암군,4680000,N,4.99
2019,전남,전남무안군,4681000,N,0.09
2019,전남,전남함평군,4682000,N,5.04
2019,전남,전남영광군,4683000,N,-0.34
2019,전남,전남장성군,4684000,N,2.56
2019,전남,전남완도군,4685000,N,5.7
2019,전남,전남진도군,4686000,N,9.46
2019,전남,전남신안군,4687000,N,-2.75
2019,경북,경북본청,4700000,Y,-0.49
2019,경북,경북포항시,4711000,N,6.68
2019,경북,경북경주시,4712000,N,10.15
2019,경북,경북김천시,4713000,N,-1.94
2019,경북,경북안동시,4714000,N,3.75
2019,경북,경북구미시,4715000,N,7.74
2019,경북,경북영주시,4716000,N,8.2
2019,경북,경북영천시,4717000,N,8.75
2019,경북,경북상주시,4718000,N,10.51
2019,경북,경북문경시,4719000,N,5.4
2019,경북,경북경산시,4720000,N,3.53
2019,경북,경북군위군,4771000,N,7.39
2019,경북,경북의성군,4772000,N,5.69
2019,경북,경북청송군,4773000,N,4.89
2019,경북,경북영양군,4774000,N,11.27
2019,경북,경북영덕군,4775000,N,15.18
2019,경북,경북청도군,4776000,N,18.77
2019,경북,경북고령군,4777000,N,4.51
2019,경북,경북성주군,4778000,N,2.22
2019,경북,경북칠곡군,4779000,N,7.67
2019,경북,경북예천군,4780000,N,8.79
2019,경북,경북봉화군,4781000,N,4.54
2019,경북,경북울진군,4782000,N,14.49
2019,경북,경북울릉군,4783000,N,12.29
2019,경남,경남본청,4800000,Y,0.63
2019,경남,경남창원시,4811000,N,0.97
2019,경남,경남진주시,4813000,N,2.18
2019,경남,경남통영시,4815000,N,3.49
2019,경남,경남사천시,4816000,N,1.37
2019,경남,경남김해시,4817000,N,3.74
2019,경남,경남밀양시,4818000,N,4.88
2019,경남,경남거제시,4819000,N,8.1
2019,경남,경남양산시,4820000,N,1.55
2019,경남,경남의령군,4871000,N,6.8
2019,경남,경남함안군,4872000,N,7.91
2019,경남,경남창녕군,4873000,N,4.21
2019,경남,경남고성군,4874000,N,7.09
2019,경남,경남남해군,4875000,N,-2.98
2019,경남,경남하동군,4876000,N,16.78
2019,경남,경남산청군,4877000,N,4.58
2019,경남,경남함양군,4878000,N,4.1
2019,경남,경남거창군,4879000,N,12.13
2019,경남,경남합천군,4880000,N,0.59
2019,제주,제주본청,4900000,Y,-3.98
2020,서울,서울본청,1100000,Y,-6.54
2020,서울,서울종로구,1111000,N,7.9
2020,서울,서울중구,1112000,N,-3.51
2020,서울,서울용산구,1113000,N,4.72
2020,서울,서울성동구,1114000,N,5.15
2020,서울,서울광진구,1115000,N,8.65
2020,서울,서울동대문구,1116000,N,7.46
2020,서울,서울중랑구,1117000,N,-0.34
2020,서울,서울성북구,1118000,N,8.58
2020,서울,서울강북구,1119000,N,7.5
2020,서울,서울도봉구,1120000,N,2.53
2020,서울,서울노원구,1121000,N,-0.22
2020,서울,서울은평구,1122000,N,4.22
2020,서울,서울서대문구,1123000,N,2.99
2020,서울,서울마포구,1124000,N,5.95
2020,서울,서울양천구,1125000,N,3.43
2020,서울,서울강서구,1126000,N,2.61
2020,서울,서울구로구,1127000,N,3.45
2020,서울,서울금천구,1128000,N,5.65
2020,서울,서울영등포구,1129000,N,4.47
2020,서울,서울동작구,1130000,N,3.49
2020,서울,서울관악구,1131000,N,4.28
2020,서울,서울서초구,1132000,N,2.71
2020,서울,서울강남구,1133000,N,-0.31
2020,서울,서울송파구,1134000,N,1.92
2020,서울,서울강동구,1135000,N,0.78
2020,부산,부산본청,2600000,Y,-1.24
2020,부산,부산중구,2611000,N,2.76
2020,부산,부산서구,2612000,N,3.26
2020,부산,부산동구,2613000,N,2.97
2020,부산,부산영도구,2614000,N,-0.16
2020,부산,부산부산진구,2615000,N,2.36
2020,부산,부산동래구,2616000,N,-1.26
2020,부산,부산남구,2617000,N,3.74
2020,부산,부산북구,2618000,N,0.19
2020,부산,부산해운대구,2619000,N,1.86
2020,부산,부산사하구,2620000,N,-1.57
2020,부산,부산금정구,2621000,N,0.25
2020,부산,부산강서구,2622000,N,1.63
2020,부산,부산연제구,2623000,N,-0.43
2020,부산,부산수영구,2624000,N,2.63
2020,부산,부산사상구,2625000,N,2.51
2020,부산,부산기장군,2671000,N,0.61
2020,대구,대구본청,2700000,Y,-5.9
2020,대구,대구중구,2711000,N,8.99
2020,대구,대구동구,2712000,N,1.76
2020,대구,대구서구,2713000,N,6.51
2020,대구,대구남구,2714000,N,11.85
2020,대구,대구북구,2715000,N,2.32
2020,대구,대구수성구,2716000,N,3.8
2020,대구,대구달서구,2717000,N,2.4
2020,대구,대구달성군,2771000,N,-3.42
2020,인천,인천본청,2800000,Y,-0.6
2020,인천,인천중구,2811000,N,9.09
2020,인천,인천동구,2812000,N,8.31
2020,인천,인천미추홀구,2813000,N,2.68
2020,인천,인천연수구,2814000,N,1.91
2020,인천,인천남동구,2815000,N,-3.3
2020,인천,인천부평구,2816000,N,-1.33
2020,인천,인천계양구,2817000,N,6.26
2020,인천,인천서구,2818000,N,6.78
2020,인천,인천강화군,2871000,N,-3.78
2020,인천,인천옹진군,2872000,N,3.14
2020,광주,광주본청,2900000,Y,-4.2
2020,광주,광주동구,2911000,N,8.41
2020,광주,광주서구,2912000,N,4.84
2020,광주,광주남구,2913000,N,9.37
2020,광주,광주북구,2914000,N,2.35
2020,광주,광주광산구,2915000,N,2.04
2020,대전,대전본청,3000000,Y,-6.09
2020,대전,대전동구,3011000,N,3.73
2020,대전,대전중구,3012000,N,3.49
2020,대전,대전서구,3013000,N,4.41
2020,대전,대전유성구,3014000,N,0.74
2020,대전,대전대덕구,3015000,N,1.06
2020,울산,울산본청,3100000,Y,-2.69
2020,울산,울산중구,3111000,N,2.64
2020,울산,울산남구,3112000,N,2.59
2020,울산,울산동구,3113000,N,-2.08
2020,울산,울산북구,3114000,N,1.15
2020,울산,울산울주군,3171000,N,-1.31
2020,세종,세종본청,3200000,Y,-3.82
2020,경기,경기본청,4100000,Y,-0.64
2020,경기,경기수원시,4111000,N,-5.68
2020,경기,경기성남시,4112000,N,-9.4
2020,경기,경기의정부시,4113000,N,-2.46
2020,경기,경기안양시,4114000,N,2.04
2020,경기,경기부천시,4115000,N,-6.64
2020,경기,경기광명시,4116000,N,1.39
2020,경기,경기평택시,4117000,N,-6.16
2020,경기,경기동두천시,4118000,N,-6.74
2020,경기,경기안산시,4119000,N,-12.31
2020,경기,경기고양시,4120000,N,-0.89
2020,경기,경기과천시,4121000,N,15.45
2020,경기,경기구리시,4122000,N,-3.13
2020,경기,경기남양주시,4123000,N,-5.03
2020,경기,경기오산시,4124000,N,-12.08
2020,경기,경기시흥시,4125000,N,-10.96
2020,경기,경기군포시,4126000,N,3.77
2020,경기,경기의왕시,4127000,N,12.38
2020,경기,경기하남시,4128000,N,3.5
2020,경기,경기용인시,4129000,N,-0.74
2020,경기,경기파주시,4130000,N,2.05
2020,경기,경기이천시,4131000,N,-5.24
2020,경기,경기안성시,4132000,N,3.31
2020,경기,경기김포시,4133000,N,-2.21
2020,경기,경기화성시,4134000,N,-9.64
2020,경기,경기광주시,4135000,N,-1.84
2020,경기,경기양주시,4136000,N,-0.53
2020,경기,경기포천시,4137000,N,-1.62
2020,경기,경기여주시,4138000,N,-1.9
2020,경기,경기연천군,4175000,N,-6.92
2020,경기,경기가평군,4177000,N,6.75
2020,경기,경기양평군,4178000,N,4.09
2020,강원,강원본청,4200000,Y,-3.23
2020,강원,강원춘천시,4211000,N,-5.21
2020,강원,강원원주시,4212000,N,-0.62
2020,강원,강원강릉시,4213000,N,-9.81
2020,강원,강원동해시,4214000,N,-6.29
2020,강원,강원태백시,4215000,N,-4.28
2020,강원,강원속초시,4216000,N,-5.62
2020,강원,강원삼척시,4217000,N,-8.93
2020,강원,강원홍천군,4271000,N,-3.42
2020,강원,강원횡성군,4272000,N,-2.72
2020,강원,강원영월군,4273000,N,-2.4
2020,강원,강원평창군,4274000,N,0.6
2020,강원,강원정선군,4275000,N,-3.84
2020,강원,강원철원군,4276000,N,14.81
2020,강원,강원화천군,4277000,N,3.03
2020,강원,강원양구군,4278000,N,2.31
2020,강원,강원인제군,4279000,N,-3.76
2020,강원,강원고성군,4280000,N,-6.6
2020,강원,강원양양군,4281000,N,2.24
2020,충북,충북본청,4300000,Y,1.07
2020,충북,충북충주시,4312000,N,-0.42
2020,충북,충북제천시,4313000,N,-3.53
2020,충북,충북청주시,4314000,N,6.1
2020,충북,충북보은군,4372000,N,-3.87
2020,충북,충북옥천군,4373000,N,-6.14
2020,충북,충북영동군,4374000,N,-7.18
2020,충북,충북진천군,4375000,N,0.05
2020,충북,충북괴산군,4376000,N,-9.98
2020,충북,충북음성군,4377000,N,0.73
2020,충북,충북단양군,4378000,N,6.36
2020,충북,충북증평군,4379000,N,-1.73
2020,충남,충남본청,4400000,Y,-3.4
2020,충남,충남천안시,4411000,N,-2.14
2020,충남,충남공주시,4412000,N,-2
2020,충남,충남보령시,4413000,N,-4.14
2020,충남,충남아산시,4414000,N,-4.43
2020,충남,충남서산시,4415000,N,-3.71
2020,충남,충남논산시,4416000,N,-2.03
2020,충남,충남계룡시,4417000,N,-0.23
2020,충남,충남당진시,4418000,N,-3.4
2020,충남,충남금산군,4471000,N,-5.27
2020,충남,충남부여군,4473000,N,-6.42
2020,충남,충남서천군,4474000,N,-9.66
2020,충남,충남청양군,4475000,N,0.85
2020,충남,충남홍성군,4476000,N,1.04
2020,충남,충남예산군,4477000,N,0.62
2020,충남,충남태안군,4478000,N,-5.67
2020,전북,전북본청,4500000,Y,-2.17
2020,전북,전북전주시,4511000,N,-3.91
2020,전북,전북군산시,4512000,N,-2.69
2020,전북,전북익산시,4513000,N,-3
2020,전북,전북정읍시,4514000,N,-8.31
2020,전북,전북남원시,4515000,N,-1.46
2020,전북,전북김제시,4516000,N,-0.13
2020,전북,전북완주군,4571000,N,6.85
2020,전북,전북진안군,4572000,N,-1.82
2020,전북,전북무주군,4573000,N,-5.56
2020,전북,전북장수군,4574000,N,-5.42
2020,전북,전북임실군,4575000,N,-7.18
2020,전북,전북순창군,4576000,N,-3.71
2020,전북,전북고창군,4577000,N,-6.3
2020,전북,전북부안군,4578000,N,-4.94
2020,전남,전남본청,4600000,Y,1.5
2020,전남,전남목포시,4611000,N,4.83
2020,전남,전남여수시,4612000,N,-9.37
2020,전남,전남순천시,4613000,N,-5.89
2020,전남,전남나주시,4614000,N,0.09
2020,전남,전남광양시,4615000,N,-4.14
2020,전남,전남담양군,4671000,N,-3.99
2020,전남,전남곡성군,4672000,N,-0.46
2020,전남,전남구례군,4673000,N,16.57
2020,전남,전남고흥군,4674000,N,-5.37
2020,전남,전남보성군,4675000,N,-5.94
2020,전남,전남화순군,4676000,N,-5.24
2020,전남,전남장흥군,4677000,N,-2.27
2020,전남,전남강진군,4678000,N,-0.12
2020,전남,전남해남군,4679000,N,-8.25
2020,전남,전남영암군,4680000,N,-3.68
2020,전남,전남무안군,4681000,N,-10.82
2020,전남,전남함평군,4682000,N,1.94
2020,전남,전남영광군,4683000,N,-1.57
2020,전남,전남장성군,4684000,N,-0.67
2020,전남,전남완도군,4685000,N,-3.24
2020,전남,전남진도군,4686000,N,-4.76
2020,전남,전남신안군,4687000,N,-5.38
2020,경북,경북본청,4700000,Y,-3.45
2020,경북,경북포항시,4711000,N,-5.72
2020,경북,경북경주시,4712000,N,0.44
2020,경북,경북김천시,4713000,N,-3.12
2020,경북,경북안동시,4714000,N,2.66
2020,경북,경북구미시,4715000,N,-6.26
2020,경북,경북영주시,4716000,N,0.63
2020,경북,경북영천시,4717000,N,-2.49
2020,경북,경북상주시,4718000,N,0.17
2020,경북,경북문경시,4719000,N,-2.47
2020,경북,경북경산시,4720000,N,-1.08
2020,경북,경북군위군,4771000,N,-2.14
2020,경북,경북의성군,4772000,N,-4.31
2020,경북,경북청송군,4773000,N,-6.08
2020,경북,경북영양군,4774000,N,-4.35
2020,경북,경북영덕군,4775000,N,-15.16
2020,경북,경북청도군,4776000,N,3.67
2020,경북,경북고령군,4777000,N,0.87
2020,경북,경북성주군,4778000,N,-7.04
2020,경북,경북칠곡군,4779000,N,0.39
2020,경북,경북예천군,4780000,N,-2.67
2020,경북,경북봉화군,4781000,N,-3.34
2020,경북,경북울진군,4782000,N,-16.29
2020,경북,경북울릉군,4783000,N,15.34
2020,경남,경남본청,4800000,Y,-2.46
2020,경남,경남창원시,4811000,N,-1.84
2020,경남,경남진주시,4813000,N,-3.8
2020,경남,경남통영시,4815000,N,-4.98
2020,경남,경남사천시,4816000,N,-2.93
2020,경남,경남김해시,4817000,N,-1.93
2020,경남,경남밀양시,4818000,N,-0.74
2020,경남,경남거제시,4819000,N,2.3
2020,경남,경남양산시,4820000,N,2.4
2020,경남,경남의령군,4871000,N,-0.03
2020,경남,경남함안군,4872000,N,-7.15
2020,경남,경남창녕군,4873000,N,-3.99
2020,경남,경남고성군,4874000,N,-5.46
2020,경남,경남남해군,4875000,N,-3.79
2020,경남,경남하동군,4876000,N,-1.97
2020,경남,경남산청군,4877000,N,-6.49
2020,경남,경남함양군,4878000,N,-6.12
2020,경남,경남거창군,4879000,N,-4.47
2020,경남,경남합천군,4880000,N,-0.79
2020,제주,제주본청,4900000,Y,-6.06
2021,서울,서울본청,1100000,Y,5.09
2021,서울,서울종로구,1111000,N,3.45
2021,서울,서울중구,1112000,N,-1.66
2021,서울,서울용산구,1113000,N,7.15
2021,서울,서울성동구,1114000,N,0.77
2021,서울,서울광진구,1115000,N,8.03
2021,서울,서울동대문구,1116000,N,13.01
2021,서울,서울중랑구,1117000,N,3.25
2021,서울,서울성북구,1118000,N,8.13
2021,서울,서울강북구,1119000,N,9.63
2021,서울,서울도봉구,1120000,N,2.49
2021,서울,서울노원구,1121000,N,4.67
2021,서울,서울은평구,1122000,N,2.52
2021,서울,서울서대문구,1123000,N,4.5
2021,서울,서울마포구,1124000,N,-0.63
2021,서울,서울양천구,1125000,N,4.65
2021,서울,서울강서구,1126000,N,8.22
2021,서울,서울구로구,1127000,N,7.67
2021,서울,서울금천구,1128000,N,6.39
2021,서울,서울영등포구,1129000,N,5.16
2021,서울,서울동작구,1130000,N,9.61
2021,서울,서울관악구,1131000,N,5.63
2021,서울,서울서초구,1132000,N,9.85
2021,서울,서울강남구,1133000,N,-2.58
2021,서울,서울송파구,1134000,N,4.24
2021,서울,서울강동구,1135000,N,-2.17
2021,부산,부산본청,2600000,Y,0.55
2021,부산,부산중구,2611000,N,8.28
2021,부산,부산서구,2612000,N,8.14
2021,부산,부산동구,2613000,N,4.02
2021,부산,부산영도구,2614000,N,4.74
2021,부산,부산부산진구,2615000,N,6.39
2021,부산,부산동래구,2616000,N,1.28
2021,부산,부산남구,2617000,N,9.93
2021,부산,부산북구,2618000,N,3.31
2021,부산,부산해운대구,2619000,N,7.69
2021,부산,부산사하구,2620000,N,3.65
2021,부산,부산금정구,2621000,N,3.35
2021,부산,부산강서구,2622000,N,5.87
2021,부산,부산연제구,2623000,N,4.95
2021,부산,부산수영구,2624000,N,3.28
2021,부산,부산사상구,2625000,N,9.46
2021,부산,부산기장군,2671000,N,9.12
2021,대구,대구본청,2700000,Y,-1.6
2021,대구,대구중구,2711000,N,17.2
2021,대구,대구동구,2712000,N,8.61
2021,대구,대구서구,2713000,N,14.18
2021,대구,대구남구,2714000,N,19.24
2021,대구,대구북구,2715000,N,10.56
2021,대구,대구수성구,2716000,N,6.03
2021,대구,대구달서구,2717000,N,4.41
2021,대구,대구달성군,2771000,N,2.84
2021,인천,인천본청,2800000,Y,6.15
2021,인천,인천중구,2811000,N,-2.14
2021,인천,인천동구,2812000,N,15.08
2021,인천,인천미추홀구,2813000,N,2.78
2021,인천,인천연수구,2814000,N,1.42
2021,인천,인천남동구,2815000,N,2.92
2021,인천,인천부평구,2816000,N,2
2021,인천,인천계양구,2817000,N,2.75
2021,인천,인천서구,2818000,N,0.33
2021,인천,인천강화군,2871000,N,-3.91
2021,인천,인천옹진군,2872000,N,6.31
2021,광주,광주본청,2900000,Y,-1.76
2021,광주,광주동구,2911000,N,4.82
2021,광주,광주서구,2912000,N,5.89
2021,광주,광주남구,2913000,N,3.66
2021,광주,광주북구,2914000,N,2.94
2021,광주,광주광산구,2915000,N,3.65
2021,대전,대전본청,3000000,Y,-2.35
2021,대전,대전동구,3011000,N,10.06
2021,대전,대전중구,3012000,N,7.13
2021,대전,대전서구,3013000,N,6.37
2021,대전,대전유성구,3014000,N,5.83
2021,대전,대전대덕구,3015000,N,8.34
2021,울산,울산본청,3100000,Y,-0.94
2021,울산,울산중구,3111000,N,2.61
2021,울산,울산남구,3112000,N,2.88
2021,울산,울산동구,3113000,N,3.81
2021,울산,울산북구,3114000,N,3.43
2021,울산,울산울주군,3171000,N,10.15
2021,세종,세종본청,3200000,Y,-0.34
2021,경기,경기본청,4100000,Y,-3.91
2021,경기,경기수원시,4111000,N,10.71
2021,경기,경기성남시,4112000,N,11.43
2021,경기,경기의정부시,4113000,N,1.19
2021,경기,경기안양시,4114000,N,13.92
2021,경기,경기부천시,4115000,N,-0.41
2021,경기,경기광명시,4116000,N,9.57
2021,경기,경기평택시,4117000,N,3.58
2021,경기,경기동두천시,4118000,N,10.9
2021,경기,경기안산시,4119000,N,-3.72
2021,경기,경기고양시,4120000,N,3.08
2021,경기,경기과천시,4121000,N,-8.93
2021,경기,경기구리시,4122000,N,15.55
2021,경기,경기남양주시,4123000,N,7.86
2021,경기,경기오산시,4124000,N,-0.83
2021,경기,경기시흥시,4125000,N,-5.75
2021,경기,경기군포시,4126000,N,6.44
2021,경기,경기의왕시,4127000,N,16.32
2021,경기,경기하남시,4128000,N,9.63
2021,경기,경기용인시,4129000,N,7.46
2021,경기,경기파주시,4130000,N,4.67
2021,경기,경기이천시,4131000,N,-6.28
2021,경기,경기안성시,4132000,N,5.75
2021,경기,경기김포시,4133000,N,1.73
2021,경기,경기화성시,4134000,N,6.42
2021,경기,경기광주시,4135000,N,11.26
2021,경기,경기양주시,4136000,N,-2.22
2021,경기,경기포천시,4137000,N,15.05
2021,경기,경기여주시,4138000,N,9.02
2021,경기,경기연천군,4175000,N,1.36
2021,경기,경기가평군,4177000,N,3.23
2021,경기,경기양평군,4178000,N,7.68
2021,강원,강원본청,4200000,Y,-2.72
2021,강원,강원춘천시,4211000,N,3.35
2021,강원,강원원주시,4212000,N,-1.41
2021,강원,강원강릉시,4213000,N,-0.51
2021,강원,강원동해시,4214000,N,-3.36
2021,강원,강원태백시,4215000,N,3.92
2021,강원,강원속초시,4216000,N,-1.75
2021,강원,강원삼척시,4217000,N,-0.05
2021,강원,강원홍천군,4271000,N,2.7
2021,강원,강원횡성군,4272000,N,1.97
2021,강원,강원영월군,4273000,N,4.52
2021,강원,강원평창군,4274000,N,2.82
2021,강원,강원정선군,4275000,N,0.59
2021,강원,강원철원군,4276000,N,3.36
2021,강원,강원화천군,4277000,N,-4.21
2021,강원,강원양구군,4278000,N,0.54
2021,강원,강원인제군,4279000,N,-8.54
2021,강원,강원고성군,4280000,N,-1.54
2021,강원,강원양양군,4281000,N,-0.95
2021,충북,충북본청,4300000,Y,2.35
2021,충북,충북충주시,4312000,N,0.78
2021,충북,충북제천시,4313000,N,4.32
2021,충북,충북청주시,4314000,N,0.83
2021,충북,충북보은군,4372000,N,7.68
2021,충북,충북옥천군,4373000,N,0.66
2021,충북,충북영동군,4374000,N,5.42
2021,충북,충북진천군,4375000,N,2.68
2021,충북,충북괴산군,4376000,N,1.77
2021,충북,충북음성군,4377000,N,1.41
2021,충북,충북단양군,4378000,N,6.5
2021,충북,충북증평군,4379000,N,6.2
2021,충남,충남본청,4400000,Y,-1.04
2021,충남,충남천안시,4411000,N,1.26
2021,충남,충남공주시,4412000,N,6.98
2021,충남,충남보령시,4413000,N,5.42
2021,충남,충남아산시,4414000,N,-2.52
2021,충남,충남서산시,4415000,N,2.71
2021,충남,충남논산시,4416000,N,0.26
2021,충남,충남계룡시,4417000,N,6.47
2021,충남,충남당진시,4418000,N,7.3
2021,충남,충남금산군,4471000,N,3.14
2021,충남,충남부여군,4473000,N,-0.89
2021,충남,충남서천군,4474000,N,1.68
2021,충남,충남청양군,4475000,N,2.99
2021,충남,충남홍성군,4476000,N,2.11
2021,충남,충남예산군,4477000,N,1.06
2021,충남,충남태안군,4478000,N,1.25
2021,전북,전북본청,4500000,Y,-0.49
2021,전북,전북전주시,4511000,N,0.81
2021,전북,전북군산시,4512000,N,2.7
2021,전북,전북익산시,4513000,N,0.52
2021,전북,전북정읍시,4514000,N,4.67
2021,전북,전북남원시,4515000,N,1.2
2021,전북,전북김제시,4516000,N,4.01
2021,전북,전북완주군,4571000,N,2.97
2021,전북,전북진안군,4572000,N,0.81
2021,전북,전북무주군,4573000,N,1.22
2021,전북,전북장수군,4574000,N,-3.91
2021,전북,전북임실군,4575000,N,-2.1
2021,전북,전북순창군,4576000,N,0.38
2021,전북,전북고창군,4577000,N,0.86
2021,전북,전북부안군,4578000,N,4.23
2021,전남,전남본청,4600000,Y,0.21
2021,전남,전남목포시,4611000,N,16.75
2021,전남,전남여수시,4612000,N,-2.76
2021,전남,전남순천시,4613000,N,-0.63
2021,전남,전남나주시,4614000,N,3.99
2021,전남,전남광양시,4615000,N,-0.23
2021,전남,전남담양군,4671000,N,2.53
2021,전남,전남곡성군,4672000,N,0.57
2021,전남,전남구례군,4673000,N,30.73
2021,전남,전남고흥군,4674000,N,-0.19
2021,전남,전남보성군,4675000,N,2.81
2021,전남,전남화순군,4676000,N,2.6
2021,전남,전남장흥군,4677000,N,6.22
2021,전남,전남강진군,4678000,N,2.53
2021,전남,전남해남군,4679000,N,-2.96
2021,전남,전남영암군,4680000,N,2.75
2021,전남,전남무안군,4681000,N,-2.97
2021,전남,전남함평군,4682000,N,9.86
2021,전남,전남영광군,4683000,N,6.08
2021,전남,전남장성군,4684000,N,5
2021,전남,전남완도군,4685000,N,1.6
2021,전남,전남진도군,4686000,N,0.35
2021,전남,전남신안군,4687000,N,6.53
2021,경북,경북본청,4700000,Y,0.35
2021,경북,경북포항시,4711000,N,-1.1
2021,경북,경북경주시,4712000,N,-1.25
2021,경북,경북김천시,4713000,N,3.83
2021,경북,경북안동시,4714000,N,7.87
2021,경북,경북구미시,4715000,N,26.51
2021,경북,경북영주시,4716000,N,2.42
2021,경북,경북영천시,4717000,N,4.55
2021,경북,경북상주시,4718000,N,10.21
2021,경북,경북문경시,4719000,N,9.43
2021,경북,경북경산시,4720000,N,3.38
2021,경북,경북군위군,4771000,N,7.21
2021,경북,경북의성군,4772000,N,7.09
2021,경북,경북청송군,4773000,N,1.87
2021,경북,경북영양군,4774000,N,2.48
2021,경북,경북영덕군,4775000,N,-8.27
2021,경북,경북청도군,4776000,N,8.5
2021,경북,경북고령군,4777000,N,8.15
2021,경북,경북성주군,4778000,N,1.26
2021,경북,경북칠곡군,4779000,N,4.73
2021,경북,경북예천군,4780000,N,6.43
2021,경북,경북봉화군,4781000,N,6.88
2021,경북,경북울진군,4782000,N,-10.73
2021,경북,경북울릉군,4783000,N,12.68
2021,경남,경남본청,4800000,Y,-2.76
2021,경남,경남창원시,4811000,N,0.52
2021,경남,경남진주시,4813000,N,1.14
2021,경남,경남통영시,4815000,N,-1.24
2021,경남,경남사천시,4816000,N,4.27
2021,경남,경남김해시,4817000,N,1.24
2021,경남,경남밀양시,4818000,N,4.85
2021,경남,경남거제시,4819000,N,2.24
2021,경남,경남양산시,4820000,N,0.54
2021,경남,경남의령군,4871000,N,-1.23
2021,경남,경남함안군,4872000,N,0.54
2021,경남,경남창녕군,4873000,N,2.13
2021,경남,경남고성군,4874000,N,1.47
2021,경남,경남남해군,4875000,N,3.03
2021,경남,경남하동군,4876000,N,-5.28
2021,경남,경남산청군,4877000,N,5.19
2021,경남,경남함양군,4878000,N,3.84
2021,경남,경남거창군,4879000,N,-3.47
2021,경남,경남합천군,4880000,N,5.91
2021,제주,제주본청,4900000,Y,-1.6
2022,서울,서울본청,1100000,Y,-2.62
2022,서울,서울종로구,1111000,N,17.86
2022,서울,서울중구,1112000,N,9.24
2022,서울,서울용산구,1113000,N,32.18
2022,서울,서울성동구,1114000,N,7.32
2022,서울,서울광진구,1115000,N,11.42
2022,서울,서울동대문구,1116000,N,11.43
2022,서울,서울중랑구,1117000,N,8.93
2022,서울,서울성북구,1118000,N,11.99
2022,서울,서울강북구,1119000,N,14.38
2022,서울,서울도봉구,1120000,N,7.07
2022,서울,서울노원구,1121000,N,4.34
2022,서울,서울은평구,1122000,N,7.84
2022,서울,서울서대문구,1123000,N,12.46
2022,서울,서울마포구,1124000,N,11.41
2022,서울,서울양천구,1125000,N,10.65
2022,서울,서울강서구,1126000,N,7.4
2022,서울,서울구로구,1127000,N,8.36
2022,서울,서울금천구,1128000,N,11.56
2022,서울,서울영등포구,1129000,N,13.44
2022,서울,서울동작구,1130000,N,19.72
2022,서울,서울관악구,1131000,N,5.55
2022,서울,서울서초구,1132000,N,14.39
2022,서울,서울강남구,1133000,N,10.02
2022,서울,서울송파구,1134000,N,11.59
2022,서울,서울강동구,1135000,N,7.34
2022,부산,부산본청,2600000,Y,0.73
2022,부산,부산중구,2611000,N,27.77
2022,부산,부산서구,2612000,N,18.46
2022,부산,부산동구,2613000,N,17.3
2022,부산,부산영도구,2614000,N,9.25
2022,부산,부산부산진구,2615000,N,4.87
2022,부산,부산동래구,2616000,N,11.4
2022,부산,부산남구,2617000,N,6.61
2022,부산,부산북구,2618000,N,11.26
2022,부산,부산해운대구,2619000,N,6.11
2022,부산,부산사하구,2620000,N,6.51
2022,부산,부산금정구,2621000,N,9.74
2022,부산,부산강서구,2622000,N,7.62
2022,부산,부산연제구,2623000,N,4.56
2022,부산,부산수영구,2624000,N,5.53
2022,부산,부산사상구,2625000,N,9.04
2022,부산,부산기장군,2671000,N,24.54
2022,대구,대구본청,2700000,Y,-1.33
2022,대구,대구중구,2711000,N,25.88
2022,대구,대구동구,2712000,N,5.94
2022,대구,대구서구,2713000,N,9.79
2022,대구,대구남구,2714000,N,19.57
2022,대구,대구북구,2715000,N,2.34
2022,대구,대구수성구,2716000,N,-0.63
2022,대구,대구달서구,2717000,N,5.24
2022,대구,대구달성군,2771000,N,13.69
2022,인천,인천본청,2800000,Y,2.46
2022,인천,인천중구,2811000,N,4.11
2022,인천,인천동구,2812000,N,23.21
2022,인천,인천미추홀구,2813000,N,2.18
2022,인천,인천연수구,2814000,N,6.83
2022,인천,인천남동구,2815000,N,5.22
2022,인천,인천부평구,2816000,N,2.71
2022,인천,인천계양구,2817000,N,0.57
2022,인천,인천서구,2818000,N,5.12
2022,인천,인천강화군,2871000,N,12.47
2022,인천,인천옹진군,2872000,N,17.86
2022,광주,광주본청,2900000,Y,-0.25
2022,광주,광주동구,2911000,N,8.28
2022,광주,광주서구,2912000,N,5.23
2022,광주,광주남구,2913000,N,5.1
2022,광주,광주북구,2914000,N,2.8
2022,광주,광주광산구,2915000,N,6.09
2022,대전,대전본청,3000000,Y,2
2022,대전,대전동구,3011000,N,11.12
2022,대전,대전중구,3012000,N,13.87
2022,대전,대전서구,3013000,N,12.22
2022,대전,대전유성구,3014000,N,11.55
2022,대전,대전대덕구,3015000,N,14.08
2022,울산,울산본청,3100000,Y,3.73
2022,울산,울산중구,3111000,N,8.75
2022,울산,울산남구,3112000,N,7.47
2022,울산,울산동구,3113000,N,9.06
2022,울산,울산북구,3114000,N,4.85
2022,울산,울산울주군,3171000,N,17.59
2022,세종,세종본청,3200000,Y,-4.9
2022,경기,경기본청,4100000,Y,-5.25
2022,경기,경기수원시,4111000,N,9.09
2022,경기,경기성남시,4112000,N,21.06
2022,경기,경기의정부시,4113000,N,-0.02
2022,경기,경기안양시,4114000,N,5.4
2022,경기,경기부천시,4115000,N,-1.76
2022,경기,경기광명시,4116000,N,12.92
2022,경기,경기평택시,4117000,N,7.49
2022,경기,경기동두천시,4118000,N,20.75
2022,경기,경기안산시,4119000,N,2.94
2022,경기,경기고양시,4120000,N,4.15
2022,경기,경기과천시,4121000,N,6.47
2022,경기,경기구리시,4122000,N,2.65
2022,경기,경기남양주시,4123000,N,8.65
2022,경기,경기오산시,4124000,N,8.66
2022,경기,경기시흥시,4125000,N,-4.63
2022,경기,경기군포시,4126000,N,5.58
2022,경기,경기의왕시,4127000,N,6.97
2022,경기,경기하남시,4128000,N,-1.96
2022,경기,경기용인시,4129000,N,7.92
2022,경기,경기파주시,4130000,N,10.26
2022,경기,경기이천시,4131000,N,9.04
2022,경기,경기안성시,4132000,N,2.54
2022,경기,경기김포시,4133000,N,-0.22
2022,경기,경기화성시,4134000,N,8.62
2022,경기,경기광주시,4135000,N,7.16
2022,경기,경기양주시,4136000,N,1.67
2022,경기,경기포천시,4137000,N,19
2022,경기,경기여주시,4138000,N,17.34
2022,경기,경기연천군,4175000,N,6.71
2022,경기,경기가평군,4177000,N,6.71
2022,경기,경기양평군,4178000,N,17.03
2022,강원,강원본청,4200000,Y,3.93
2022,강원,강원춘천시,4211000,N,12.83
2022,강원,강원원주시,4212000,N,8.7
2022,강원,강원강릉시,4213000,N,10.81
2022,강원,강원동해시,4214000,N,15.94
2022,강원,강원태백시,4215000,N,23.59
2022,강원,강원속초시,4216000,N,9.36
2022,강원,강원삼척시,4217000,N,15.77
2022,강원,강원홍천군,4271000,N,20.01
2022,강원,강원횡성군,4272000,N,24.82
2022,강원,강원영월군,4273000,N,20.26
2022,강원,강원평창군,4274000,N,21.75
2022,강원,강원정선군,4275000,N,19.64
2022,강원,강원철원군,4276000,N,12.57
2022,강원,강원화천군,4277000,N,27.47
2022,강원,강원양구군,4278000,N,19.75
2022,강원,강원인제군,4279000,N,12.27
2022,강원,강원고성군,4280000,N,17.9
2022,강원,강원양양군,4281000,N,13.78
2022,충북,충북본청,4300000,Y,-0.8
2022,충북,충북충주시,4312000,N,12.13
2022,충북,충북제천시,4313000,N,16.76
2022,충북,충북청주시,4314000,N,9.83
2022,충북,충북보은군,4372000,N,22.59
2022,충북,충북옥천군,4373000,N,13.56
2022,충북,충북영동군,4374000,N,21.39
2022,충북,충북진천군,4375000,N,8.52
2022,충북,충북괴산군,4376000,N,18.64
2022,충북,충북음성군,4377000,N,12.13
2022,충북,충북단양군,4378000,N,9.28
2022,충북,충북증평군,4379000,N,13.09
2022,충남,충남본청,4400000,Y,0.69
2022,충남,충남천안시,4411000,N,8.67
2022,충남,충남공주시,4412000,N,20.55
2022,충남,충남보령시,4413000,N,8.31
2022,충남,충남아산시,4414000,N,4.48
2022,충남,충남서산시,4415000,N,10.29
2022,충남,충남논산시,4416000,N,16.25
2022,충남,충남계룡시,4417000,N,22.28
2022,충남,충남당진시,4418000,N,11.17
2022,충남,충남금산군,4471000,N,16.64
2022,충남,충남부여군,4473000,N,16.46
2022,충남,충남서천군,4474000,N,11.84
2022,충남,충남청양군,4475000,N,23.81
2022,충남,충남홍성군,4476000,N,8.69
2022,충남,충남예산군,4477000,N,12.68
2022,충남,충남태안군,4478000,N,15.64
2022,전북,전북본청,4500000,Y,3.05
2022,전북,전북전주시,4511000,N,4.51
2022,전북,전북군산시,4512000,N,14.39
2022,전북,전북익산시,4513000,N,5.77
2022,전북,전북정읍시,4514000,N,18.31
2022,전북,전북남원시,4515000,N,16.04
2022,전북,전북김제시,4516000,N,4.31
2022,전북,전북완주군,4571000,N,6.7
2022,전북,전북진안군,4572000,N,20.54
2022,전북,전북무주군,4573000,N,9.64
2022,전북,전북장수군,4574000,N,14.04
2022,전북,전북임실군,4575000,N,12.65
2022,전북,전북순창군,4576000,N,20.64
2022,전북,전북고창군,4577000,N,14.78
2022,전북,전북부안군,4578000,N,13.93
2022,전남,전남본청,4600000,Y,0.43
2022,전남,전남목포시,4611000,N,3
2022,전남,전남여수시,4612000,N,6.84
2022,전남,전남순천시,4613000,N,12.63
2022,전남,전남나주시,4614000,N,12.97
2022,전남,전남광양시,4615000,N,7.28
2022,전남,전남담양군,4671000,N,9.28
2022,전남,전남곡성군,4672000,N,14.38
2022,전남,전남구례군,4673000,N,3.61
2022,전남,전남고흥군,4674000,N,17.49
2022,전남,전남보성군,4675000,N,19.78
2022,전남,전남화순군,4676000,N,12.05
2022,전남,전남장흥군,4677000,N,10.67
2022,전남,전남강진군,4678000,N,17.42
2022,전남,전남해남군,4679000,N,10.17
2022,전남,전남영암군,4680000,N,10.21
2022,전남,전남무안군,4681000,N,10.7
2022,전남,전남함평군,4682000,N,17.35
2022,전남,전남영광군,4683000,N,4.06
2022,전남,전남장성군,4684000,N,14.02
2022,전남,전남완도군,4685000,N,15.89
2022,전남,전남진도군,4686000,N,12.62
2022,전남,전남신안군,4687000,N,12.47
2022,경북,경북본청,4700000,Y,4.15
2022,경북,경북포항시,4711000,N,4.21
2022,경북,경북경주시,4712000,N,12.21
2022,경북,경북김천시,4713000,N,19.33
2022,경북,경북안동시,4714000,N,28.48
2022,경북,경북구미시,4715000,N,15.79
2022,경북,경북영주시,4716000,N,23.95
2022,경북,경북영천시,4717000,N,16.91
2022,경북,경북상주시,4718000,N,25.84
2022,경북,경북문경시,4719000,N,27.9
2022,경북,경북경산시,4720000,N,10.12
2022,경북,경북군위군,4771000,N,25.42
2022,경북,경북의성군,4772000,N,14.93
2022,경북,경북청송군,4773000,N,22.93
2022,경북,경북영양군,4774000,N,21.78
2022,경북,경북영덕군,4775000,N,25.41
2022,경북,경북청도군,4776000,N,29.34
2022,경북,경북고령군,4777000,N,18.76
2022,경북,경북성주군,4778000,N,11.56
2022,경북,경북칠곡군,4779000,N,19.63
2022,경북,경북예천군,4780000,N,13.8
2022,경북,경북봉화군,4781000,N,29.15
2022,경북,경북울진군,4782000,N,30.35
2022,경북,경북울릉군,4783000,N,29.19
2022,경남,경남본청,4800000,Y,-0.37
2022,경남,경남창원시,4811000,N,6.88
2022,경남,경남진주시,4813000,N,7.75
2022,경남,경남통영시,4815000,N,14.49
2022,경남,경남사천시,4816000,N,7.65
2022,경남,경남김해시,4817000,N,4.84
2022,경남,경남밀양시,4818000,N,11.85
2022,경남,경남거제시,4819000,N,21.17
2022,경남,경남양산시,4820000,N,7.42
2022,경남,경남의령군,4871000,N,18.61
2022,경남,경남함안군,4872000,N,9.82
2022,경남,경남창녕군,4873000,N,20.87
2022,경남,경남고성군,4874000,N,18.38
2022,경남,경남남해군,4875000,N,14.51
2022,경남,경남하동군,4876000,N,21.19
2022,경남,경남산청군,4877000,N,17.45
2022,경남,경남함양군,4878000,N,20.06
2022,경남,경남거창군,4879000,N,9.22
2022,경남,경남합천군,4880000,N,14.73
2022,제주,제주본청,4900000,Y,8.29
2023,서울,서울본청,1100000,Y,-5.27
2023,서울,서울종로구,1111000,N,-0.43
2023,서울,서울중구,1112000,N,0.72
2023,서울,서울용산구,1113000,N,4.46
2023,서울,서울성동구,1114000,N,-0.3
2023,서울,서울광진구,1115000,N,1.56
2023,서울,서울동대문구,1116000,N,5.43
2023,서울,서울중랑구,1117000,N,2.56
2023,서울,서울성북구,1118000,N,8.3
2023,서울,서울강북구,1119000,N,7.32
2023,서울,서울도봉구,1120000,N,3.28
2023,서울,서울노원구,1121000,N,-1.41
2023,서울,서울은평구,1122000,N,-1.39
2023,서울,서울서대문구,1123000,N,0.11
2023,서울,서울마포구,1124000,N,4.68
2023,서울,서울양천구,1125000,N,0.32
2023,서울,서울강서구,1126000,N,1.26
2023,서울,서울구로구,1127000,N,0.6
2023,서울,서울금천구,1128000,N,1.61
2023,서울,서울영등포구,1129000,N,5.56
2023,서울,서울동작구,1130000,N,4.87
2023,서울,서울관악구,1131000,N,1.01
2023,서울,서울서초구,1132000,N,0.73
2023,서울,서울강남구,1133000,N,2.05
2023,서울,서울송파구,1134000,N,1.36
2023,서울,서울강동구,1135000,N,1.07
2023,부산,부산본청,2600000,Y,-0.03
2023,부산,부산중구,2611000,N,20.11
2023,부산,부산서구,2612000,N,4.35
2023,부산,부산동구,2613000,N,5.64
2023,부산,부산영도구,2614000,N,3.93
2023,부산,부산부산진구,2615000,N,2.58
2023,부산,부산동래구,2616000,N,2.51
2023,부산,부산남구,2617000,N,0.87
2023,부산,부산북구,2618000,N,5.74
2023,부산,부산해운대구,2619000,N,5.17
2023,부산,부산사하구,2620000,N,-0.89
2023,부산,부산금정구,2621000,N,2.29
2023,부산,부산강서구,2622000,N,4.88
2023,부산,부산연제구,2623000,N,2.5
2023,부산,부산수영구,2624000,N,6.77
2023,부산,부산사상구,2625000,N,5.08
2023,부산,부산기장군,2671000,N,-2.08
2023,대구,대구본청,2700000,Y,-1.66
2023,대구,대구중구,2711000,N,9.85
2023,대구,대구동구,2712000,N,0.93
2023,대구,대구서구,2713000,N,2.11
2023,대구,대구남구,2714000,N,15.23
2023,대구,대구북구,2715000,N,0.1
2023,대구,대구수성구,2716000,N,-4.33
2023,대구,대구달서구,2717000,N,0.36
2023,대구,대구달성군,2771000,N,11.91
2023,인천,인천본청,2800000,Y,-3.34
2023,인천,인천중구,2811000,N,-3.02
2023,인천,인천동구,2812000,N,8.65
2023,인천,인천미추홀구,2813000,N,1.87
2023,인천,인천연수구,2814000,N,6.05
2023,인천,인천남동구,2815000,N,0.91
2023,인천,인천부평구,2816000,N,-0.48
2023,인천,인천계양구,2817000,N,-0.04
2023,인천,인천서구,2818000,N,-3.49
2023,인천,인천강화군,2871000,N,3.18
2023,인천,인천옹진군,2872000,N,-7.27
2023,광주,광주본청,2900000,Y,-8.05
2023,광주,광주동구,2911000,N,-7.3
2023,광주,광주서구,2912000,N,-0.35
2023,광주,광주남구,2913000,N,-2.15
2023,광주,광주북구,2914000,N,1.66
2023,광주,광주광산구,2915000,N,-0.9
2023,대전,대전본청,3000000,Y,-3.62
2023,대전,대전동구,3011000,N,1.01
2023,대전,대전중구,3012000,N,5.97
2023,대전,대전서구,3013000,N,2.2
2023,대전,대전유성구,3014000,N,0.69
2023,대전,대전대덕구,3015000,N,0.72
2023,울산,울산본청,3100000,Y,7.12
2023,울산,울산중구,3111000,N,-1.06
2023,울산,울산남구,3112000,N,2.34
2023,울산,울산동구,3113000,N,0.53
2023,울산,울산북구,3114000,N,1.78
2023,울산,울산울주군,3171000,N,6.45
2023,세종,세종본청,3200000,Y,-9.56
2023,경기,경기본청,4100000,Y,-2.7
2023,경기,경기수원시,4111000,N,2.52
2023,경기,경기성남시,4112000,N,-1.52
2023,경기,경기의정부시,4113000,N,-5.75
2023,경기,경기안양시,4114000,N,0.14
2023,경기,경기부천시,4115000,N,0.03
2023,경기,경기광명시,4116000,N,-8.9
2023,경기,경기평택시,4117000,N,-3.36
2023,경기,경기동두천시,4118000,N,4.42
2023,경기,경기안산시,4119000,N,1.42
2023,경기,경기고양시,4120000,N,0.5
2023,경기,경기과천시,4121000,N,-2.79
2023,경기,경기구리시,4122000,N,-4.27
2023,경기,경기남양주시,4123000,N,0.83
2023,경기,경기오산시,4124000,N,6.13
2023,경기,경기시흥시,4125000,N,-5.3
2023,경기,경기군포시,4126000,N,-6.48
2023,경기,경기의왕시,4127000,N,0.03
2023,경기,경기하남시,4128000,N,-10.71
2023,경기,경기용인시,4129000,N,-2.01
2023,경기,경기파주시,4130000,N,3.02
2023,경기,경기이천시,4131000,N,-2.85
2023,경기,경기안성시,4132000,N,-8.79
2023,경기,경기김포시,4133000,N,-4.58
2023,경기,경기화성시,4134000,N,0.46
2023,경기,경기광주시,4135000,N,1.27
2023,경기,경기양주시,4136000,N,1.11
2023,경기,경기포천시,4137000,N,-3.36
2023,경기,경기여주시,4138000,N,-12.42
2023,경기,경기연천군,4175000,N,-8.85
2023,경기,경기가평군,4177000,N,2.3
2023,경기,경기양평군,4178000,N,-11.36
2023,강원,강원본청,4200000,Y,-1.62
2023,강원,강원춘천시,4211000,N,1.57
2023,강원,강원원주시,4212000,N,-1.38
2023,강원,강원강릉시,4213000,N,-1.71
2023,강원,강원동해시,4214000,N,2.85
2023,강원,강원태백시,4215000,N,9.1
2023,강원,강원속초시,4216000,N,3.69
2023,강원,강원삼척시,4217000,N,2.66
2023,강원,강원홍천군,4271000,N,3.74
2023,강원,강원횡성군,4272000,N,-2.55
2023,강원,강원영월군,4273000,N,-1.29
2023,강원,강원평창군,4274000,N,2.35
2023,강원,강원정선군,4275000,N,1.92
2023,강원,강원철원군,4276000,N,-2.84
2023,강원,강원화천군,4277000,N,11.62
2023,강원,강원양구군,4278000,N,-2.39
2023,강원,강원인제군,4279000,N,-1.78
2023,강원,강원고성군,4280000,N,1.88
2023,강원,강원양양군,4281000,N,-1.44
2023,충북,충북본청,4300000,Y,-5.51
2023,충북,충북충주시,4312000,N,3.92
2023,충북,충북제천시,4313000,N,6.51
2023,충북,충북청주시,4314000,N,1.8
2023,충북,충북보은군,4372000,N,5.38
2023,충북,충북옥천군,4373000,N,4.39
2023,충북,충북영동군,4374000,N,0.57
2023,충북,충북진천군,4375000,N,1.19
2023,충북,충북괴산군,4376000,N,6.91
2023,충북,충북음성군,4377000,N,-2.15
2023,충북,충북단양군,4378000,N,3.29
2023,충북,충북증평군,4379000,N,1.91
2023,충남,충남본청,4400000,Y,-4.48
2023,충남,충남천안시,4411000,N,-3.49
2023,충남,충남공주시,4412000,N,7.27
2023,충남,충남보령시,4413000,N,4.74
2023,충남,충남아산시,4414000,N,8.74
2023,충남,충남서산시,4415000,N,3.97
2023,충남,충남논산시,4416000,N,-1.16
2023,충남,충남계룡시,4417000,N,3.05
2023,충남,충남당진시,4418000,N,3.4
2023,충남,충남금산군,4471000,N,7.6
2023,충남,충남부여군,4473000,N,6.42
2023,충남,충남서천군,4474000,N,2.77
2023,충남,충남청양군,4475000,N,3.7
2023,충남,충남홍성군,4476000,N,-0.33
2023,충남,충남예산군,4477000,N,0.65
2023,충남,충남태안군,4478000,N,-1.04
2023,전북,전북본청,4500000,Y,-1.88
2023,전북,전북전주시,4511000,N,-3.33
2023,전북,전북군산시,4512000,N,1.29
2023,전북,전북익산시,4513000,N,-4.39
2023,전북,전북정읍시,4514000,N,0.69
2023,전북,전북남원시,4515000,N,-1.29
2023,전북,전북김제시,4516000,N,2.47
2023,전북,전북완주군,4571000,N,4.86
2023,전북,전북진안군,4572000,N,3.59
2023,전북,전북무주군,4573000,N,-3.69
2023,전북,전북장수군,4574000,N,-7.11
2023,전북,전북임실군,4575000,N,0.59
2023,전북,전북순창군,4576000,N,-0.13
2023,전북,전북고창군,4577000,N,-1.91
2023,전북,전북부안군,4578000,N,-2.01
2023,전남,전남본청,4600000,Y,-3.04
2023,전남,전남목포시,4611000,N,-3.17
2023,전남,전남여수시,4612000,N,-0.38
2023,전남,전남순천시,4613000,N,3.93
2023,전남,전남나주시,4614000,N,-2
2023,전남,전남광양시,4615000,N,-3.99
2023,전남,전남담양군,4671000,N,-5.88
2023,전남,전남곡성군,4672000,N,-2.39
2023,전남,전남구례군,4673000,N,-12.32
2023,전남,전남고흥군,4674000,N,-1.86
2023,전남,전남보성군,4675000,N,4.13
2023,전남,전남화순군,4676000,N,-7.39
2023,전남,전남장흥군,4677000,N,7.99
2023,전남,전남강진군,4678000,N,-3.55
2023,전남,전남해남군,4679000,N,-0.13
2023,전남,전남영암군,4680000,N,3.9
2023,전남,전남무안군,4681000,N,-4.79
2023,전남,전남함평군,4682000,N,0.03
2023,전남,전남영광군,4683000,N,-1.69
2023,전남,전남장성군,4684000,N,-5.67
2023,전남,전남완도군,4685000,N,-2.42
2023,전남,전남진도군,4686000,N,-6.33
2023,전남,전남신안군,4687000,N,-4.62
2023,경북,경북본청,4700000,Y,-1.36
2023,경북,경북포항시,4711000,N,-0.36
2023,경북,경북경주시,4712000,N,-4.24
2023,경북,경북김천시,4713000,N,-0.39
2023,경북,경북안동시,4714000,N,7.19
2023,경북,경북구미시,4715000,N,11.13
2023,경북,경북영주시,4716000,N,2.96
2023,경북,경북영천시,4717000,N,-1.15
2023,경북,경북상주시,4718000,N,10.26
2023,경북,경북문경시,4719000,N,4.24
2023,경북,경북경산시,4720000,N,-2.04
2023,경북,경북군위군,4771000,N,6.4
2023,경북,경북의성군,4772000,N,-0.68
2023,경북,경북청송군,4773000,N,0.12
2023,경북,경북영양군,4774000,N,-1.69
2023,경북,경북영덕군,4775000,N,2.2
2023,경북,경북청도군,4776000,N,1.86
2023,경북,경북고령군,4777000,N,2.78
2023,경북,경북성주군,4778000,N,-4.66
2023,경북,경북칠곡군,4779000,N,-0.11
2023,경북,경북예천군,4780000,N,0.12
2023,경북,경북봉화군,4781000,N,11.91
2023,경북,경북울진군,4782000,N,0.4
2023,경북,경북울릉군,4783000,N,10.93
2023,경남,경남본청,4800000,Y,-1.93
2023,경남,경남창원시,4811000,N,-1.73
2023,경남,경남진주시,4813000,N,-10.68
2023,경남,경남통영시,4815000,N,5.79
2023,경남,경남사천시,4816000,N,0.57
2023,경남,경남김해시,4817000,N,2.25
2023,경남,경남밀양시,4818000,N,-6.2
2023,경남,경남거제시,4819000,N,0.54
2023,경남,경남양산시,4820000,N,5.17
2023,경남,경남의령군,4871000,N,-0.28
2023,경남,경남함안군,4872000,N,-0.44
2023,경남,경남창녕군,4873000,N,1.22
2023,경남,경남고성군,4874000,N,-1.62
2023,경남,경남남해군,4875000,N,2.4
2023,경남,경남하동군,4876000,N,13.75
2023,경남,경남산청군,4877000,N,4.22
2023,경남,경남함양군,4878000,N,2.08
2023,경남,경남거창군,4879000,N,-6.94
2023,경남,경남합천군,4880000,N,3
2023,제주,제주본청,4900000,Y,-4.89
2024,서울,서울본청,1100000,Y,-3.16
2024,서울,서울종로구,1111000,N,-5.8
2024,서울,서울중구,1112000,N,-4.59
2024,서울,서울용산구,1113000,N,4.65
2024,서울,서울성동구,1114000,N,-4.23
2024,서울,서울광진구,1115000,N,-9.57
2024,서울,서울동대문구,1116000,N,-2.41
2024,서울,서울중랑구,1117000,N,-4.22
2024,서울,서울성북구,1118000,N,-2.22
2024,서울,서울강북구,1119000,N,2.97
2024,서울,서울도봉구,1120000,N,-3.97
2024,서울,서울노원구,1121000,N,-3.44
2024,서울,서울은평구,1122000,N,-6
2024,서울,서울서대문구,1123000,N,-8.71
2024,서울,서울마포구,1124000,N,-2.37
2024,서울,서울양천구,1125000,N,-4.08
2024,서울,서울강서구,1126000,N,-4.09
2024,서울,서울구로구,1127000,N,-4.22
2024,서울,서울금천구,1128000,N,-8.48
2024,서울,서울영등포구,1129000,N,2.32
2024,서울,서울동작구,1130000,N,-1.17
2024,서울,서울관악구,1131000,N,-2.66
2024,서울,서울서초구,1132000,N,-2.82
2024,서울,서울강남구,1133000,N,-1.89
2024,서울,서울송파구,1134000,N,-1.41
2024,서울,서울강동구,1135000,N,-5.48
2024,부산,부산본청,2600000,Y,-0.6
2024,부산,부산중구,2611000,N,8.87
2024,부산,부산서구,2612000,N,-0.74
2024,부산,부산동구,2613000,N,-4.67
2024,부산,부산영도구,2614000,N,-0.11
2024,부산,부산부산진구,2615000,N,-1.11
2024,부산,부산동래구,2616000,N,-9.87
2024,부산,부산남구,2617000,N,-0.28
2024,부산,부산북구,2618000,N,-0.53
2024,부산,부산해운대구,2619000,N,0.9
2024,부산,부산사하구,2620000,N,0.95
2024,부산,부산금정구,2621000,N,1.36
2024,부산,부산강서구,2622000,N,0.79
2024,부산,부산연제구,2623000,N,-0.04
2024,부산,부산수영구,2624000,N,3.74
2024,부산,부산사상구,2625000,N,-0.48
2024,부산,부산기장군,2671000,N,-3.46
2024,대구,대구본청,2700000,Y,1.52
2024,대구,대구중구,2711000,N,-1.53
2024,대구,대구동구,2712000,N,0.19
2024,대구,대구서구,2713000,N,-3.58
2024,대구,대구남구,2714000,N,10.12
2024,대구,대구북구,2715000,N,-2.08
2024,대구,대구수성구,2716000,N,-0.06
2024,대구,대구달서구,2717000,N,-2.37
2024,대구,대구달성군,2771000,N,4.88
2024,대구,대구군위군,2772000,N,7.74
2024,인천,인천본청,2800000,Y,-4.2
2024,인천,인천중구,2811000,N,-3.71
2024,인천,인천동구,2812000,N,1.63
2024,인천,인천미추홀구,2813000,N,0.61
2024,인천,인천연수구,2814000,N,4.14
2024,인천,인천남동구,2815000,N,-0.54
2024,인천,인천부평구,2816000,N,-1.65
2024,인천,인천계양구,2817000,N,-2.94
2024,인천,인천서구,2818000,N,-1.86
2024,인천,인천강화군,2871000,N,6.04
2024,인천,인천옹진군,2872000,N,1.28
2024,광주,광주본청,2900000,Y,-3.93
2024,광주,광주동구,2911000,N,-3.9
2024,광주,광주서구,2912000,N,-1.18
2024,광주,광주남구,2913000,N,-3.99
2024,광주,광주북구,2914000,N,-1.02
2024,광주,광주광산구,2915000,N,-1.21
2024,대전,대전본청,3000000,Y,-5.51
2024,대전,대전동구,3011000,N,-1.65
2024,대전,대전중구,3012000,N,0.8
2024,대전,대전서구,3013000,N,-1.78
2024,대전,대전유성구,3014000,N,-2.24
2024,대전,대전대덕구,3015000,N,-0.11
2024,울산,울산본청,3100000,Y,7.39
2024,울산,울산중구,3111000,N,0.06
2024,울산,울산남구,3112000,N,-1.5
2024,울산,울산동구,3113000,N,-3.62
2024,울산,울산북구,3114000,N,0.27
2024,울산,울산울주군,3171000,N,-3.82
2024,세종,세종본청,3200000,Y,-9.05
2024,경기,경기본청,4100000,Y,-2.35
2024,경기,경기수원시,4111000,N,-4.3
2024,경기,경기성남시,4112000,N,4.84
2024,경기,경기의정부시,4113000,N,-0.15
2024,경기,경기안양시,4114000,N,-5.02
2024,경기,경기부천시,4115000,N,-4.63
2024,경기,경기광명시,4116000,N,-5.8
2024,경기,경기평택시,4117000,N,-3.56
2024,경기,경기동두천시,4118000,N,-7.95
2024,경기,경기안산시,4119000,N,-3.82
2024,경기,경기고양시,4120000,N,-0.95
2024,경기,경기과천시,4121000,N,-18.32
2024,경기,경기구리시,4122000,N,-10.2
2024,경기,경기남양주시,4123000,N,-2.94
2024,경기,경기오산시,4124000,N,7.09
2024,경기,경기시흥시,4125000,N,-7.55
2024,경기,경기군포시,4126000,N,-6.93
2024,경기,경기의왕시,4127000,N,-3.09
2024,경기,경기하남시,4128000,N,-5.81
2024,경기,경기용인시,4129000,N,-3.4
2024,경기,경기파주시,4130000,N,1.25
2024,경기,경기이천시,4131000,N,-17.75
2024,경기,경기안성시,4132000,N,-5.53
2024,경기,경기김포시,4133000,N,-3.73
2024,경기,경기화성시,4134000,N,-2.56
2024,경기,경기광주시,4135000,N,-7.66
2024,경기,경기양주시,4136000,N,-1.5
2024,경기,경기포천시,4137000,N,-9.27
2024,경기,경기여주시,4138000,N,-9.83
2024,경기,경기연천군,4175000,N,4.44
2024,경기,경기가평군,4177000,N,-2.95
2024,경기,경기양평군,4178000,N,-4.65
2024,강원,강원본청,4200000,Y,5.26
2024,강원,강원춘천시,4211000,N,-2.8
2024,강원,강원원주시,4212000,N,-0.86
2024,강원,강원강릉시,4213000,N,-0.48
2024,강원,강원동해시,4214000,N,0.16
2024,강원,강원태백시,4215000,N,9.09
2024,강원,강원속초시,4216000,N,5.88
2024,강원,강원삼척시,4217000,N,-2.4
2024,강원,강원홍천군,4271000,N,5.03
2024,강원,강원횡성군,4272000,N,-7.6
2024,강원,강원영월군,4273000,N,-2.3
2024,강원,강원평창군,4274000,N,7.57
2024,강원,강원정선군,4275000,N,1.12
2024,강원,강원철원군,4276000,N,-1.13
2024,강원,강원화천군,4277000,N,10.19
2024,강원,강원양구군,4278000,N,3.06
2024,강원,강원인제군,4279000,N,-0.9
2024,강원,강원고성군,4280000,N,-2.21
2024,강원,강원양양군,4281000,N,-2.65
2024,충북,충북본청,4300000,Y,-2.53
2024,충북,충북충주시,4312000,N,4.15
2024,충북,충북제천시,4313000,N,2.17
2024,충북,충북청주시,4314000,N,-3.74
2024,충북,충북보은군,4372000,N,1.46
2024,충북,충북옥천군,4373000,N,1.19
2024,충북,충북영동군,4374000,N,0.24
2024,충북,충북진천군,4375000,N,-0.49
2024,충북,충북괴산군,4376000,N,3.14
2024,충북,충북음성군,4377000,N,5.85
2024,충북,충북단양군,4378000,N,2.34
2024,충북,충북증평군,4379000,N,-3.33
2024,충남,충남본청,4400000,Y,-4.51
2024,충남,충남천안시,4411000,N,-6.58
2024,충남,충남공주시,4412000,N,-6
2024,충남,충남보령시,4413000,N,-6.46
2024,충남,충남아산시,4414000,N,0.2
2024,충남,충남서산시,4415000,N,1.98
2024,충남,충남논산시,4416000,N,-2.15
2024,충남,충남계룡시,4417000,N,-6.35
2024,충남,충남당진시,4418000,N,7.87
2024,충남,충남금산군,4471000,N,-0.53
2024,충남,충남부여군,4473000,N,-2.84
2024,충남,충남서천군,4474000,N,-2.11
2024,충남,충남청양군,4475000,N,-10.81
2024,충남,충남홍성군,4476000,N,-8.17
2024,충남,충남예산군,4477000,N,-5.14
2024,충남,충남태안군,4478000,N,-1.91
2024,전북,전북본청,4500000,Y,-2.42
2024,전북,전북전주시,4511000,N,-6.4
2024,전북,전북군산시,4512000,N,-4.3
2024,전북,전북익산시,4513000,N,-4.38
2024,전북,전북정읍시,4514000,N,-2.06
2024,전북,전북남원시,4515000,N,-8.15
2024,전북,전북김제시,4516000,N,-5.9
2024,전북,전북완주군,4571000,N,-3.06
2024,전북,전북진안군,4572000,N,-6.51
2024,전북,전북무주군,4573000,N,2.51
2024,전북,전북장수군,4574000,N,-5.08
2024,전북,전북임실군,4575000,N,-2.61
2024,전북,전북순창군,4576000,N,-11.05
2024,전북,전북고창군,4577000,N,-3.8
2024,전북,전북부안군,4578000,N,-4.99
2024,전남,전남본청,4600000,Y,-1.77
2024,전남,전남목포시,4611000,N,-9.7
2024,전남,전남여수시,4612000,N,-2.14
2024,전남,전남순천시,4613000,N,0.3
2024,전남,전남나주시,4614000,N,-2.6
2024,전남,전남광양시,4615000,N,-3.53
2024,전남,전남담양군,4671000,N,-3.5
2024,전남,전남곡성군,4672000,N,-0.84
2024,전남,전남구례군,4673000,N,-8.71
2024,전남,전남고흥군,4674000,N,-2.2
2024,전남,전남보성군,4675000,N,-3.4
2024,전남,전남화순군,4676000,N,-6.56
2024,전남,전남장흥군,4677000,N,-0.52
2024,전남,전남강진군,4678000,N,-4.92
2024,전남,전남해남군,4679000,N,-2.03
2024,전남,전남영암군,4680000,N,-3.22
2024,전남,전남무안군,4681000,N,0.07
2024,전남,전남함평군,4682000,N,-5.65
2024,전남,전남영광군,4683000,N,-1.43
2024,전남,전남장성군,4684000,N,3.3
2024,전남,전남완도군,4685000,N,-3.12
2024,전남,전남진도군,4686000,N,-5.92
2024,전남,전남신안군,4687000,N,-5.2
2024,경북,경북본청,4700000,Y,0.13
2024,경북,경북포항시,4711000,N,-1.7
2024,경북,경북경주시,4712000,N,1.37
2024,경북,경북김천시,4713000,N,-6.47
2024,경북,경북안동시,4714000,N,-3.96
2024,경북,경북구미시,4715000,N,-1.33
2024,경북,경북영주시,4716000,N,-5.37
2024,경북,경북영천시,4717000,N,2.68
2024,경북,경북상주시,4718000,N,3.87
2024,경북,경북문경시,4719000,N,-3.53
2024,경북,경북경산시,4720000,N,-1.76
2024,경북,경북의성군,4772000,N,-4.66
2024,경북,경북청송군,4773000,N,0.56
2024,경북,경북영양군,4774000,N,-3.01
2024,경북,경북영덕군,4775000,N,-4.4
2024,경북,경북청도군,4776000,N,3.52
2024,경북,경북고령군,4777000,N,-4.71
2024,경북,경북성주군,4778000,N,-1.84
2024,경북,경북칠곡군,4779000,N,0.41
2024,경북,경북예천군,4780000,N,0.2
2024,경북,경북봉화군,4781000,N,-1.03
2024,경북,경북울진군,4782000,N,0.33
2024,경북,경북울릉군,4783000,N,-4.26
2024,경남,경남본청,4800000,Y,1.45
2024,경남,경남창원시,4811000,N,-1.02
2024,경남,경남진주시,4813000,N,-8.68
2024,경남,경남통영시,4815000,N,1.34
2024,경남,경남사천시,4816000,N,2.14
2024,경남,경남김해시,4817000,N,-2.65
2024,경남,경남밀양시,4818000,N,-3.17
2024,경남,경남거제시,4819000,N,-4.7
2024,경남,경남양산시,4820000,N,3.64
2024,경남,경남의령군,4871000,N,1.38
2024,경남,경남함안군,4872000,N,-5.76
2024,경남,경남창녕군,4873000,N,-3.3
2024,경남,경남고성군,4874000,N,-5.43
2024,경남,경남남해군,4875000,N,-2.77
2024,경남,경남하동군,4876000,N,-0.61
2024,경남,경남산청군,4877000,N,-3.37
2024,경남,경남함양군,4878000,N,-5.66
2024,경남,경남거창군,4879000,N,-4.63
2024,경남,경남합천군,4880000,N,-0.71
2024,제주,제주본청,4900000,Y,-6.14
