시도명,회계연도,기금명,전년도현재액,증감액,조성액,사용액,당해현재액,일몰기간,원본단위,통합재정안정화기금여부
강원,2021,통합재정안정화기금(통합계정),0,81450,81450,0,81450,’21.1.~’25.12.,백만원,Y
강원,2021,지역개발기금,172569,-26040,484504,510544,146529,-,백만원,N
강원,2021,재난관리기금,5597,13626,28740,15114,19223,-,백만원,N
강원,2021,재해구호기금,7789,1761,17587,15826,9550,-,백만원,N
강원,2021,남북교류협력기금,18313,-289,241,530,18024,’20.5.~’25.12.,백만원,N
강원,2021,자활기금,2996,57,260,203,3053,’21.12.~’26.12.,백만원,N
강원,2021,양성평등기금,10303,-16,165,181,10287,’19.5.~’24.4.,백만원,N
강원,2021,청소년육성기금,4048,-124,44,168,3924,’20.7.~’25.12.,백만원,N
강원,2021,식품진흥기금,6455,-309,493,802,6146,-,백만원,N
강원,2021,농어촌진흥기금,28269,4033,33813,29780,32302,’18.4.~’22.12.,백만원,N
강원,2021,중소기업육성기금,136920,-53576,22827,76403,83344,’21.12.~’26.12.,백만원,N
강원,2021,폐광지역개발기금,200919,-104546,23566,128113,96372,-,백만원,N
강원,2021,비축무연탄관리기금,92785,-5200,2088,7288,87585,’19.7.~’25.12.,백만원,N
강원,2022,통합재정안정화기금(통합계정),81450,59641,59955,315,141090,’21.1.~’25.12.,백만원,Y
강원,2022,남북교류협력기금,18024,-128,242,370,17896,’20.5.~’25.12.,백만원,N
강원,2022,청소년육성기금,3924,48,153,105,3973,’20.7.~’25.12.,백만원,N
강원,2022,양성평등기금,10287,-78,122,200,10209,’19.5.~’24.4.,백만원,N
강원,2022,식품진흥기금,6146,-140,438,578,6006,-,백만원,N
강원,2022,폐광지역개발기금,96372,364,119195,118831,96736,-,백만원,N
강원,2022,비축무연탄관리기금,87585,-8087,1424,9511,79498,’19.7.~’25.12.,백만원,N
강원,2022,재난관리기금,19223,14383,20746,6363,33607,-,백만원,N
강원,2022,농어촌진흥기금,32302,10621,37495,26874,42923,’22.12.~’27.12.,백만원,N
강원,2022,중소기업육성기금,83344,6752,41736,34984,90096,’21.12.~’26.12.,백만원,N
강원,2022,지역개발기금,146529,55158,354401,299243,201687,-,백만원,N
강원,2022,재해구호기금,9550,3158,10372,7214,12708,-,백만원,N
강원,2022,자활기금,3053,33,305,272,3086,’21.12.~’26.12.,백만원,N
강원,2022,신청사 건립기금,0,4782,5000,219,4782,’22.4.~26.12.,백만원,N
강원,2023,통합재정안정화기금(통합계정),141090,37496,85603,48106,178587,’21.1.~’25.12.,백만원,Y
강원,2023,남북교류협력기금,17896,408,468,60,18303,’20.5.~’25.12.,백만원,N
강원,2023,청소년육성기금,3973,-47,78,124,3926,’20.7.~’25.12.,백만원,N
강원,2023,양성평등기금,10209,68,210,142,10277,’19.5.~’29.4.,백만원,N
강원,2023,식품진흥기금,6006,-233,421,653,5774,-,백만원,N
강원,2023,폐광지역개발기금,96736,79987,173797,93810,176723,-,백만원,N
강원,2023,비축무연탄관리기금,79498,-9406,1973,11378,70092,’19.7.~’25.12.,백만원,N
강원,2023,재난관리기금,33607,6479,14204,7725,40086,-,백만원,N
강원,2023,농어촌진흥기금,42923,1798,35337,33539,44720,’22.12.~’27.12.,백만원,N
강원,2023,중소기업육성기금,90096,1398,26963,25565,91494,’21.12.~’26.12.,백만원,N
강원,2023,지역개발기금,201687,11567,235581,224014,213254,-,백만원,N
강원,2023,재해구호기금,12708,6253,9273,3020,18961,-,백만원,N
강원,2023,자활기금,3086,-4,276,280,3082,’21.12.~’26.12.,백만원,N
강원,2023,강원도 신청사 건립기금,4782,28405,29648,1243,33187,’22.4.~26.12.,백만원,N
강원,2023,고향사랑기금,0,330,330,0,330,-,백만원,N
강원,2024,통합재정안정화기금(통합계정),178600,-500,16100,16600,178100,’21.1.~’25.12.,억원,Y
강원,2024,남북교류협력기금,18300,-1300,300,1600,17000,’20.5.~’25.12.,억원,N
강원,2024,청소년육성기금,3900,0,100,100,3900,’20.7.~’25.12.,억원,N
강원,2024,양성평등기금,10300,200,200,0,10500,’19.5.~’29.4.,억원,N
강원,2024,식품진흥기금,5800,-100,400,500,5700,-,억원,N
강원,2024,폐광지역개발기금,176700,15200,199200,184000,191900,-,억원,N
강원,2024,비축무연탄관리기금,70000,-800,3200,4000,69200,’19.7.~’25.12.,억원,N
강원,2024,재난관리기금,40100,-900,11300,12200,39200,-,억원,N
강원,2024,농어촌진흥기금,44700,6900,36700,29800,51600,’22.12.~’27.12.,억원,N
강원,2024,중소기업육성기금,91500,-21400,23000,44400,70100,’21.12.~’26.12.,억원,N
강원,2024,지역개발기금,213300,562300,783900,221600,775600,-,억원,N
강원,2024,재해구호기금,19000,4300,4700,400,23300,-,억원,N
강원,2024,자활기금,3100,0,300,300,3100,’21.12.~’26.12.,억원,N
강원,2024,신청사 건립기금,33200,-20800,22600,43400,12400,’22.4.~’26.12.,억원,N
강원,2024,고향사랑기금,300,500,500,0,800,-,억원,N
충남,2021,통합재정안정화기금(통합계정),99273,-4742,9724,14466,94532,2024.12.31.,백만원,Y
충남,2021,남북교류협력기금,4231,1036,1069,34,5266,2022.12.31.,백만원,N
충남,2021,지역개발기금,424859,62319,267101,204782,487178,,백만원,N
충남,2021,통합재정안정화기금(재정안정화계정),5439,4702,7202,2500,10142,2024.12.31.,백만원,Y
충남,2021,양성평등기금,3577,-108,52,160,3468,2023.12.31.,백만원,N
충남,2021,사회적경제기금,546,497,557,60,1043,2024.12.31.,백만원,N
충남,2021,국외소재문화재기금,1000,2012,2012,0,3012,2024.12.31.,백만원,N
충남,2021,정의로운전환기금,0,745,1000,255,745,2025.12.31.,백만원,N
충남,2021,청소년육성기금,2732,-58,47,104,2674,2026.12.31.,백만원,N
충남,2021,농어촌진흥기금,26281,218,365,147,26500,2026.12.31.,백만원,N
충남,2021,중소기업육성기금,156621,-18989,1274,20263,137632,2026.12.31.,백만원,N
충남,2021,사회복지기금,6899,-75,172,246,6824,2026.12.31.,백만원,N
충남,2021,재해구호기금,44862,-7700,42346,50046,37162,법정의무기금,백만원,N
충남,2021,식품진흥기금,6906,30,508,479,6935,법정의무기금,백만원,N
충남,2021,재난관리기금,21381,13386,17928,4542,34767,법정의무기금,백만원,N
충남,2024,통합재정안정화기금(통합계정),116500,-7000,10700,17700,109500,,억원,Y
충남,2024,남북교류협력기금,5500,200,200,0,5700,,억원,N
충남,2024,지역개발기금,847600,101500,219100,117600,949100,,억원,N
충남,2024,통합재정안정화기금(재정안정화계정),31300,-29800,1000,30800,1500,,억원,Y
충남,2024,양성평등기금,3500,0,100,100,3500,,억원,N
충남,2024,사회적경제기금,1500,-200,0,200,1300,,억원,N
충남,2024,국외소재문화재기금,5200,-300,200,500,4900,,억원,N
충남,2024,정의로운전환기금,4700,-1200,2700,3900,3500,,억원,N
충남,2024,고향사랑기금,100,100,100,0,200,,억원,N
충남,2024,청소년육성기금,2700,0,100,100,2700,,억원,N
충남,2024,농어촌진흥기금,27800,100,800,700,27900,,억원,N
충남,2024,중소기업육성기금,108500,-36500,16200,52700,72000,,억원,N
충남,2024,사회복지기금,6900,-100,200,300,6800,,억원,N
충남,2024,재해구호기금,33200,-10000,14800,24800,23200,,억원,N
충남,2024,식품진흥기금,6900,-100,500,600,6800,,억원,N
충남,2024,재난관리기금,66000,-14600,23900,38500,51400,,억원,N
경북,2024,통합재정안정화기금,235600,-3700,12400,16100,232000,2025-12-31,억원,Y
경북,2024,남북교류협력기금,8500,800,800,0,9300,2026-12-31,억원,N
경북,2024,에너지사업육성기금,7700,2900,12500,9700,10500,2025-11-04,억원,N
경북,2024,지역개발기금,1319600,-100000,289600,389700,1219600,,억원,N
경북,2024,관광진흥기금,28100,2700,11300,8600,30800,2028-12-31,억원,N
경북,2024,맑은누리파크주민지원기금,4700,400,600,100,5200,,억원,N
경북,2024,중소기업육성기금,80100,-5200,82000,87300,74900,2026-08-31,억원,N
경북,2024,여성가족기금,13000,0,400,400,13100,2025-12-31,억원,N
경북,2024,고향사랑기금,500,300,300,0,800,,억원,N
경북,2024,문화진흥기금,10000,0,300,300,10000,2026-12-31,억원,N
경북,2024,농어촌진흥기금,143600,5400,41000,35500,149000,2025-12-31,억원,N
경북,2024,포플라장학기금,1600,0,0,0,1600,2024-12-31,억원,N
경북,2024,사회복지기금,10200,-200,300,500,10000,2026-12-31,억원,N
경북,2024,재해구호기금,27600,11500,14000,2500,39000,,억원,N
경북,2024,식품진흥기금,20200,0,1000,1000,20200,,억원,N
경북,2024,재난관리기금,53100,11700,25700,14000,64800,,억원,N
경북,2024,공무원주거안정기금,800,200,7300,7000,1000,2026-12-31,억원,N
충북,2024,통합재정안정화기금,181700,-5900,15600,21500,175800,,억원,Y
충북,2024,투자진흥기금,31800,-100,2200,2300,31700,,억원,N
충북,2024,체육진흥기금,2900,100,100,0,3000,,억원,N
충북,2024,남북교류협력기금,4700,200,200,0,4900,,억원,N
충북,2024,양성평등기금,6700,100,200,200,6800,,억원,N
충북,2024,지역개발기금,852900,-10000,213600,223600,843000,,억원,N
충북,2024,고향사랑기금,200,400,500,100,600,,억원,N
충북,2024,중소기업육성기금,51000,20000,72300,52300,71000,,억원,N
충북,2024,자활기금,2000,0,100,100,2000,,억원,N
충북,2024,사회복지기금,32900,8000,8800,800,40800,,억원,N
충북,2024,청소년육성기금,1500,0,100,100,1500,,억원,N
충북,2024,재난관리기금,35700,5100,16100,11000,40800,,억원,N
충북,2024,농촌전문인력육성기금,6200,0,200,200,6200,,억원,N
충북,2024,식품진흥기금,11500,300,800,500,11900,,억원,N
충북,2024,환경보전기금,37100,-6000,5100,11100,31100,,억원,N
전남,2024,남북교류협력기금,6247,644,644,0,6891,,백만원,N
전남,2024,녹색축산육성기금,32423,-6716,11606,18322,25708,,백만원,N
전남,2024,농어촌진흥기금,30473,-10975,38399,49374,19498,,백만원,N
전남,2024,관광진흥기금,34415,-5998,4740,10738,28417,,백만원,N
전남,2024,중소기업육성기금,64469,-16555,63768,80323,47914,,백만원,N
전남,2024,재해구호기금,10992,7435,8721,1286,18427,,백만원,N
전남,2024,지역개발기금,1135823,45765,312413,266648,1181588,,백만원,N
전남,2024,통합재정안정화기금(재정안정화계정),80858,-70657,133984,204641,10201,,백만원,Y
전남,2024,기후대응기금,4682,569,799,230,5251,,백만원,N
전남,2024,고향사랑기금,0,634,634,0,634,,백만원,N
전남,2024,양성평등기금,6002,-100,148,248,5902,,백만원,N
전남,2024,식품진흥기금,7830,-93,414,507,7737,,백만원,N
전남,2024,재난관리기금,17429,3369,17071,13702,20798,,백만원,N
전남,2024,통합재정안정화기금(통합계정),121471,13179,27136,13957,134650,,백만원,Y
전남,2024,한옥발전기금,40706,668,3709,3041,41374,,백만원,N
전남,2024,친환경농업육성기금,40236,-4131,1708,5838,36106,,백만원,N
경남,2024,남북교류협력기금,5400,200,200,0,5600,,억원,N
경남,2024,식품진흥기금,22500,-200,2400,2600,22300,,억원,N
경남,2024,재해구호기금,32600,14900,16900,2000,47400,,억원,N
경남,2024,농어촌진흥기금,43500,-800,21300,22100,42700,,억원,N
경남,2024,투자유치진흥기금,64700,-13200,5000,18300,51500,,억원,N
경남,2024,재난관리기금,37200,3900,32800,28900,41100,,억원,N
경남,2024,지역개발기금,415000,7400,95500,88000,422400,,억원,N
경남,2024,사회적경제기금,1100,2100,2200,0,3200,,억원,N
경남,2024,통합재정안정화기금,112400,800,16600,15900,113200,,억원,Y
경남,2024,양성평등기금,4100,100,100,0,4200,,억원,N
경남,2024,중소기업투자기금,2400,-2100,7600,9700,400,,억원,N
경남,2024,고향사랑기금,100,100,100,0,300,,억원,N
